"Tag Code","Mark Species Name","Mark Rear Type Name","Event Type Name","Event Site Type Description","Event Site Code Value","Event Date Time Value","Antenna ID","Antenna Group Configuration Value","Event Release Site Code Code","Event Release Date Time Value","CTH Count"
"3DD.003D2C970D","Steelhead","Unknown","Mark","Dam","PRO","10/13/2020 5:27:43 PM","NA","0","PROTAL","10/13/2020 5:27:43 PM","1"
"3DD.003D2F93FD","Steelhead","Unknown","Mark","Dam","PRO","2/22/2021 2:48:38 PM","NA","0","PROTAL","2/22/2021 2:48:38 PM","1"
"3DD.003D2F9400","Steelhead","Unknown","Mark","Dam","PRO","11/25/2020 2:16:29 PM","NA","0","PROTAL","11/25/2020 2:16:29 PM","1"
"3DD.003D2F9402","Steelhead","Unknown","Mark","Dam","PRO","1/20/2021 8:42:31 AM","NA","0","PROTAL","1/20/2021 8:42:31 AM","1"
"3DD.003D2F9402","Steelhead","Unknown","Observation","Combined Dam Location","PRO","1/20/2021 9:35:03 AM","05","110","","","1"
"3DD.003D2F9402","Steelhead","Unknown","Observation","Combined Dam Location","PRO","1/20/2021 9:35:04 AM","05","110","","","1"
"3DD.003D2F9402","Steelhead","Unknown","Observation","Combined Dam Location","PRO","1/20/2021 9:35:09 AM","05","110","","","1"
"3DD.003D2F9402","Steelhead","Unknown","Observation","Combined Dam Location","PRO","1/20/2021 9:35:10 AM","05","110","","","1"
"3DD.003D2F9403","Steelhead","Unknown","Mark","Dam","PRO","2/3/2021 9:57:41 AM","NA","0","PROTAL","2/3/2021 9:57:41 AM","1"
"3DD.003D2F9403","Steelhead","Unknown","Observation","Juvenile Fish Bypass Facility","SSJ","3/29/2021 6:36:16 PM","01","110","","","1"
"3DD.003D2F9403","Steelhead","Unknown","Observation","Juvenile Fish Bypass Facility","SSJ","3/29/2021 6:36:55 PM","02","110","","","1"
"3DD.003D2F9403","Steelhead","Unknown","Observation","Juvenile Fish Bypass Facility","SSJ","3/29/2021 7:29:48 PM","05","110","","","1"
"3DD.003D2F9403","Steelhead","Unknown","Observation","Instream Remote Detection System","SAT","4/4/2021 4:25:52 PM","05","110","","","1"
"3DD.003D2F9403","Steelhead","Unknown","Observation","Instream Remote Detection System","SAT","4/4/2021 4:26:00 PM","03","110","","","1"
"3DD.003D2F9403","Steelhead","Unknown","Observation","Instream Remote Detection System","SUN","3/16/2021 3:32:32 PM","06","110","","","1"
"3DD.003D2F9404","Steelhead","Unknown","Mark","Dam","PRO","3/22/2021 1:17:58 PM","NA","0","PROTAL","3/22/2021 1:17:58 PM","1"
"3DD.003D2F9404","Steelhead","Unknown","Observation","Instream Remote Detection System","SUN","4/6/2021 9:40:22 PM","10","110","","","1"
"3DD.003D2F9404","Steelhead","Unknown","Observation","Instream Remote Detection System","SUN","4/6/2021 9:41:28 PM","08","110","","","1"
"3DD.003D2F9404","Steelhead","Unknown","Observation","Instream Remote Detection System","SUN","4/6/2021 9:45:28 PM","01","110","","","1"
"3DD.003D2F9406","Steelhead","Unknown","Mark","Dam","PRO","1/12/2021 8:44:21 AM","NA","0","PROTAL","1/12/2021 8:44:21 AM","1"
"3DD.003D2F9406","Steelhead","Unknown","Observation","Instream Remote Detection System","SAT","2/24/2021 12:06:05 AM","05","110","","","1"
"3DD.003D2F9406","Steelhead","Unknown","Observation","Instream Remote Detection System","SAT","2/24/2021 12:06:19 AM","03","110","","","1"
"3DD.003D2F9407","Steelhead","Unknown","Mark","Dam","PRO","1/14/2021 9:39:34 AM","NA","0","PROTAL","1/14/2021 9:39:34 AM","1"
"3DD.003D2F9407","Steelhead","Unknown","Observation","Instream Remote Detection System","SAT","2/23/2021 9:15:38 PM","05","110","","","1"
"3DD.003D2F9407","Steelhead","Unknown","Observation","Instream Remote Detection System","SAT","2/23/2021 9:15:53 PM","03","110","","","1"
"3DD.003D2F9407","Steelhead","Unknown","Observation","Instream Remote Detection System","SAT","4/12/2021 11:09:15 PM","03","110","","","1"
"3DD.003D2F9407","Steelhead","Unknown","Observation","Instream Remote Detection System","SAT","4/12/2021 11:09:19 PM","05","110","","","1"
"3DD.003D2F9407","Steelhead","Unknown","Recapture","Dam","PRO","4/19/2021 11:00:00 AM","NA","0","PROTAL","4/19/2021 11:00:00 AM","1"
"3DD.003D2F9407","Steelhead","Unknown","Recapture","Dam","PRO","10/28/2021 11:00:00 AM","NA","0","PROTAL","10/28/2021 11:00:00 AM","1"
"3DD.003D2F9409","Steelhead","Unknown","Mark","Dam","PRO","1/18/2021 2:17:38 PM","NA","0","PROTAL","1/18/2021 2:17:38 PM","1"
"3DD.003D2F9409","Steelhead","Unknown","Observation","Instream Remote Detection System","SAT","3/21/2021 12:21:06 AM","05","110","","","1"
"3DD.003D2F9409","Steelhead","Unknown","Observation","Instream Remote Detection System","SAT","3/21/2021 12:21:17 AM","03","110","","","1"
"3DD.003D2F9409","Steelhead","Unknown","Observation","Combined Dam Location","PRO","1/18/2021 2:25:24 PM","05","110","","","1"
"3DD.003D2F9409","Steelhead","Unknown","Observation","Combined Dam Location","PRO","1/18/2021 2:25:24 PM","06","110","","","1"
"3DD.003D2F9409","Steelhead","Unknown","Observation","Combined Dam Location","PRO","1/18/2021 2:25:25 PM","06","110","","","1"
"3DD.003D2F9409","Steelhead","Unknown","Observation","Combined Dam Location","PRO","2/4/2021 2:27:10 PM","02","110","","","1"
"3DD.003D2F9409","Steelhead","Unknown","Observation","Combined Dam Location","PRO","2/4/2021 2:27:11 PM","02","110","","","1"
"3DD.003D2F9409","Steelhead","Unknown","Observation","Combined Dam Location","PRO","2/4/2021 2:27:13 PM","01","110","","","1"
"3DD.003D2F9409","Steelhead","Unknown","Observation","Combined Dam Location","PRO","2/4/2021 2:27:14 PM","01","110","","","1"
"3DD.003D2F940A","Steelhead","Unknown","Mark","Dam","PRO","2/3/2021 10:02:08 AM","NA","0","PROTAL","2/3/2021 10:02:08 AM","1"
"3DD.003D2F940A","Steelhead","Unknown","Observation","Instream Remote Detection System","SAT","4/3/2021 10:22:42 PM","05","110","","","1"
"3DD.003D2F940A","Steelhead","Unknown","Observation","Instream Remote Detection System","SAT","4/3/2021 10:23:02 PM","03","110","","","1"
"3DD.003D2F940A","Steelhead","Unknown","Observation","Instream Remote Detection System","SAT","4/15/2021 4:23:02 PM","03","110","","","1"
"3DD.003D2F940A","Steelhead","Unknown","Observation","Instream Remote Detection System","SAT","4/15/2021 4:23:05 PM","05","110","","","1"
"3DD.003D2F940A","Steelhead","Unknown","Observation","Combined Dam Location","PRO","2/7/2021 6:23:14 PM","02","110","","","1"
"3DD.003D2F940A","Steelhead","Unknown","Observation","Combined Dam Location","PRO","2/7/2021 6:52:07 PM","02","110","","","1"
"3DD.003D2F940A","Steelhead","Unknown","Observation","Combined Dam Location","PRO","2/22/2021 11:26:49 AM","02","110","","","1"
"3DD.003D2F940A","Steelhead","Unknown","Observation","Combined Dam Location","PRO","2/22/2021 11:26:50 AM","02","110","","","1"
"3DD.003D2F940A","Steelhead","Unknown","Observation","Combined Dam Location","PRO","2/22/2021 11:36:38 AM","02","110","","","1"
"3DD.003D2F940A","Steelhead","Unknown","Observation","Combined Dam Location","PRO","2/22/2021 11:36:39 AM","02","110","","","1"
"3DD.003D2F940A","Steelhead","Unknown","Observation","Combined Dam Location","PRO","2/22/2021 12:09:20 PM","02","110","","","1"
"3DD.003D2F940A","Steelhead","Unknown","Observation","Combined Dam Location","PRO","2/22/2021 12:09:21 PM","02","110","","","1"
"3DD.003D2F940A","Steelhead","Unknown","Observation","Combined Dam Location","PRO","2/22/2021 12:09:23 PM","01","110","","","1"
"3DD.003D2F940A","Steelhead","Unknown","Recapture","Dam","PRO","4/21/2021 11:00:00 AM","NA","0","PROTAL","4/21/2021 11:00:00 AM","1"
"3DD.003D2F940B","Steelhead","Unknown","Mark","Dam","PRO","12/15/2020 9:37:05 AM","NA","0","PROTAL","12/15/2020 9:37:05 AM","1"
"3DD.003D2F940B","Steelhead","Unknown","Observation","Instream Remote Detection System","SAT","1/16/2021 2:55:15 PM","04","110","","","1"
"3DD.003D2F940B","Steelhead","Unknown","Observation","Instream Remote Detection System","SAT","1/26/2021 5:55:30 PM","03","110","","","1"
"3DD.003D2F940B","Steelhead","Unknown","Observation","Instream Remote Detection System","SAT","1/26/2021 5:55:33 PM","05","110","","","1"
"3DD.003D2F940B","Steelhead","Unknown","Observation","Instream Remote Detection System","SAT","3/1/2021 7:44:56 PM","04","110","","","1"
"3DD.003D2F940B","Steelhead","Unknown","Observation","Instream Remote Detection System","SAT","3/1/2021 7:45:28 PM","01","110","","","1"
"3DD.003D2F940B","Steelhead","Unknown","Observation","Instream Remote Detection System","SAT","3/24/2021 2:38:51 AM","03","110","","","1"
"3DD.003D2F940B","Steelhead","Unknown","Observation","Instream Remote Detection System","SAT","3/24/2021 2:38:58 AM","05","110","","","1"
"3DD.003D2F940C","Steelhead","Unknown","Mark","Dam","PRO","1/4/2021 11:25:08 AM","NA","0","PROTAL","1/4/2021 11:25:08 AM","1"
"3DD.003D2F940C","Steelhead","Unknown","Observation","Instream Remote Detection System","SAT","1/19/2021 11:43:26 PM","04","110","","","1"
"3DD.003D2F940C","Steelhead","Unknown","Observation","Instream Remote Detection System","SAT","1/25/2021 9:01:49 PM","04","110","","","1"
"3DD.003D2F940C","Steelhead","Unknown","Observation","Instream Remote Detection System","SAT","2/24/2021 12:12:15 AM","05","110","","","1"
"3DD.003D2F940C","Steelhead","Unknown","Observation","Instream Remote Detection System","SAT","2/24/2021 12:12:24 AM","03","110","","","1"
"3DD.003D2F940C","Steelhead","Unknown","Observation","Instream Remote Detection System","SAT","3/20/2021 12:50:55 AM","03","110","","","1"
"3DD.003D2F940C","Steelhead","Unknown","Observation","Instream Remote Detection System","SAT","3/20/2021 12:51:03 AM","05","110","","","1"
"3DD.003D2F940C","Steelhead","Unknown","Observation","Combined Dam Location","PRO","1/4/2021 11:29:30 AM","05","110","","","1"
"3DD.003D2F940C","Steelhead","Unknown","Observation","Combined Dam Location","PRO","1/4/2021 11:29:31 AM","06","110","","","1"
"3DD.003D2F940C","Steelhead","Unknown","Recapture","Dam","PRO","1/14/2021 9:41:51 AM","NA","0","PROTAL","1/14/2021 9:41:51 AM","1"
"3DD.003D2F940C","Steelhead","Unknown","Recapture","Dam","PRO","4/6/2021 11:00:00 AM","NA","0","PROTAL","4/6/2021 11:00:00 AM","1"
"3DD.003D2F940C","Steelhead","Unknown","Recapture","Dam","PRO","10/28/2021 11:00:00 AM","NA","0","PROTAL","10/28/2021 11:00:00 AM","1"
"3DD.003D2F940E","Steelhead","Unknown","Mark","Dam","PRO","1/15/2021 10:06:40 AM","NA","0","PROTAL","1/15/2021 10:06:40 AM","1"
"3DD.003D2F940E","Steelhead","Unknown","Observation","Instream Remote Detection System","SUN","4/9/2021 11:44:34 PM","10","110","","","1"
"3DD.003D2F940E","Steelhead","Unknown","Observation","Instream Remote Detection System","SUN","4/9/2021 11:45:19 PM","07","110","","","1"
"3DD.003D2F940F","Steelhead","Unknown","Mark","Dam","PRO","1/12/2021 8:47:09 AM","NA","0","PROTAL","1/12/2021 8:47:09 AM","1"
"3DD.003D2F940F","Steelhead","Unknown","Observation","Instream Remote Detection System","SAT","2/3/2021 12:49:05 AM","05","110","","","1"
"3DD.003D2F940F","Steelhead","Unknown","Observation","Instream Remote Detection System","SAT","2/3/2021 12:49:35 AM","03","110","","","1"
"3DD.003D2F940F","Steelhead","Unknown","Observation","Instream Remote Detection System","SAT","2/10/2021 5:55:54 PM","03","110","","","1"
"3DD.003D2F940F","Steelhead","Unknown","Observation","Instream Remote Detection System","SAT","2/10/2021 5:56:03 PM","05","110","","","1"
"3DD.003D2F940F","Steelhead","Unknown","Observation","Instream Remote Detection System","SAT","2/23/2021 11:12:29 PM","05","110","","","1"
"3DD.003D2F940F","Steelhead","Unknown","Observation","Instream Remote Detection System","SAT","2/23/2021 11:12:42 PM","03","110","","","1"
"3DD.003D2F940F","Steelhead","Unknown","Observation","Instream Remote Detection System","SAT","2/27/2021 7:45:52 PM","03","110","","","1"
"3DD.003D2F940F","Steelhead","Unknown","Observation","Instream Remote Detection System","SAT","2/27/2021 7:45:55 PM","05","110","","","1"
"3DD.003D2F940F","Steelhead","Unknown","Observation","Instream Remote Detection System","SAT","3/4/2021 11:29:53 PM","04","110","","","1"
"3DD.003D2F940F","Steelhead","Unknown","Observation","Instream Remote Detection System","SAT","3/4/2021 11:30:14 PM","01","110","","","1"
"3DD.003D2F940F","Steelhead","Unknown","Observation","Instream Remote Detection System","SAT","3/20/2021 11:03:00 PM","05","110","","","1"
"3DD.003D2F940F","Steelhead","Unknown","Observation","Combined Dam Location","PRO","1/12/2021 9:06:02 AM","05","110","","","1"
"3DD.003D2F940F","Steelhead","Unknown","Observation","Combined Dam Location","PRO","1/12/2021 9:06:03 AM","05","110","","","1"
"3DD.003D2F940F","Steelhead","Unknown","Recapture","Dam","PRO","4/9/2021 11:00:00 AM","NA","0","PROTAL","4/9/2021 11:00:00 AM","1"
"3DD.003D2F9410","Steelhead","Unknown","Mark","Dam","PRO","12/21/2020 8:30:08 AM","NA","0","PROTAL","12/21/2020 8:30:08 AM","1"
"3DD.003D2F9410","Steelhead","Unknown","Observation","Instream Remote Detection System","SAT","1/15/2021 9:58:34 AM","04","110","","","1"
"3DD.003D2F9410","Steelhead","Unknown","Observation","Instream Remote Detection System","SAT","2/24/2021 12:28:42 AM","05","110","","","1"
"3DD.003D2F9410","Steelhead","Unknown","Observation","Instream Remote Detection System","SAT","2/24/2021 12:28:53 AM","03","110","","","1"
"3DD.003D2F9410","Steelhead","Unknown","Observation","Instream Remote Detection System","SAT","2/27/2021 6:41:46 PM","03","110","","","1"
"3DD.003D2F9410","Steelhead","Unknown","Observation","Instream Remote Detection System","SAT","2/27/2021 6:42:23 PM","05","110","","","1"
"3DD.003D2F9410","Steelhead","Unknown","Observation","Instream Remote Detection System","SAT","3/6/2021 5:05:49 AM","04","110","","","1"
"3DD.003D2F9410","Steelhead","Unknown","Observation","Instream Remote Detection System","SAT","3/6/2021 5:06:02 AM","01","110","","","1"
"3DD.003D2F9413","Steelhead","Unknown","Mark","Dam","PRO","1/7/2021 9:30:29 AM","NA","0","PROTAL","1/7/2021 9:30:29 AM","1"
"3DD.003D2F9413","Steelhead","Unknown","Observation","Juvenile Fish Bypass Facility","BCC","5/20/2021 10:30:04 PM","01","100","","","1"
"3DD.003D2F9413","Steelhead","Unknown","Observation","Instream Remote Detection System","SUN","3/29/2021 3:29:42 PM","07","110","","","1"
"3DD.003D2F9413","Steelhead","Unknown","Observation","Combined Dam Location","PRO","2/7/2021 2:59:59 PM","02","110","","","1"
"3DD.003D2F9413","Steelhead","Unknown","Observation","Combined Dam Location","PRO","2/7/2021 3:00:00 PM","02","110","","","1"
"3DD.003D2F9413","Steelhead","Unknown","Observation","Combined Dam Location","PRO","2/7/2021 3:00:01 PM","02","110","","","1"
"3DD.003D2F9413","Steelhead","Unknown","Observation","Combined Dam Location","PRO","2/7/2021 3:00:02 PM","02","110","","","1"
"3DD.003D2F9413","Steelhead","Unknown","Observation","Combined Dam Location","PRO","2/7/2021 3:10:59 PM","02","110","","","1"
"3DD.003D2F9413","Steelhead","Unknown","Observation","Combined Dam Location","PRO","2/7/2021 3:38:20 PM","02","110","","","1"
"3DD.003D2F9413","Steelhead","Unknown","Observation","Combined Dam Location","PRO","2/7/2021 3:38:21 PM","02","110","","","1"
"3DD.003D2F9413","Steelhead","Unknown","Observation","Combined Dam Location","PRO","2/7/2021 3:48:31 PM","02","110","","","1"
"3DD.003D2F9413","Steelhead","Unknown","Observation","Combined Dam Location","PRO","2/7/2021 3:48:32 PM","02","110","","","1"
"3DD.003D2F9413","Steelhead","Unknown","Observation","Combined Dam Location","PRO","2/7/2021 3:48:33 PM","02","110","","","1"
"3DD.003D2F9413","Steelhead","Unknown","Observation","Combined Dam Location","PRO","2/7/2021 3:48:34 PM","02","110","","","1"
"3DD.003D2F9413","Steelhead","Unknown","Observation","Combined Dam Location","PRO","2/7/2021 3:58:52 PM","02","110","","","1"
"3DD.003D2F9413","Steelhead","Unknown","Observation","Combined Dam Location","PRO","2/7/2021 3:58:53 PM","02","110","","","1"
"3DD.003D2F9413","Steelhead","Unknown","Observation","Combined Dam Location","PRO","2/7/2021 4:18:36 PM","02","110","","","1"
"3DD.003D2F9413","Steelhead","Unknown","Observation","Combined Dam Location","PRO","2/7/2021 4:18:37 PM","02","110","","","1"
"3DD.003D2F9413","Steelhead","Unknown","Observation","Combined Dam Location","PRO","2/7/2021 4:18:38 PM","02","110","","","1"
"3DD.003D2F9413","Steelhead","Unknown","Observation","Combined Dam Location","PRO","2/7/2021 4:45:06 PM","02","110","","","1"
"3DD.003D2F9413","Steelhead","Unknown","Observation","Combined Dam Location","PRO","2/7/2021 4:45:07 PM","02","110","","","1"
"3DD.003D2F9413","Steelhead","Unknown","Observation","Combined Dam Location","PRO","2/7/2021 4:45:08 PM","02","110","","","1"
"3DD.003D2F9413","Steelhead","Unknown","Observation","Combined Dam Location","PRO","2/7/2021 4:45:09 PM","02","110","","","1"
"3DD.003D2F9413","Steelhead","Unknown","Observation","Combined Dam Location","PRO","2/7/2021 5:19:02 PM","02","110","","","1"
"3DD.003D2F9413","Steelhead","Unknown","Observation","Combined Dam Location","PRO","2/7/2021 5:19:03 PM","02","110","","","1"
"3DD.003D2F9413","Steelhead","Unknown","Observation","Combined Dam Location","PRO","2/8/2021 4:21:30 PM","04","110","","","1"
"3DD.003D2F9413","Steelhead","Unknown","Observation","Combined Dam Location","PRO","2/8/2021 4:21:31 PM","04","110","","","1"
"3DD.003D2F9413","Steelhead","Unknown","Observation","Combined Dam Location","PRO","2/8/2021 4:21:32 PM","03","110","","","1"
"3DD.003D2F9414","Steelhead","Unknown","Mark","Dam","PRO","2/22/2021 2:32:51 PM","NA","0","PROTAL","2/22/2021 2:32:51 PM","1"
"3DD.003D2F9416","Steelhead","Unknown","Mark","Dam","PRO","1/18/2021 2:31:33 PM","NA","0","PROTAL","1/18/2021 2:31:33 PM","1"
"3DD.003D2F9416","Steelhead","Unknown","Observation","Instream Remote Detection System","SAT","3/2/2021 1:31:56 AM","04","110","","","1"
"3DD.003D2F9416","Steelhead","Unknown","Observation","Instream Remote Detection System","SAT","3/2/2021 1:32:24 AM","01","110","","","1"
"3DD.003D2F9416","Steelhead","Unknown","Observation","Instream Remote Detection System","SAT","3/17/2021 12:15:14 AM","03","110","","","1"
"3DD.003D2F9416","Steelhead","Unknown","Observation","Instream Remote Detection System","SAT","3/17/2021 12:15:17 AM","05","110","","","1"
"3DD.003D2F9417","Steelhead","Unknown","Mark","Dam","PRO","2/22/2021 2:36:42 PM","NA","0","PROTAL","2/22/2021 2:36:42 PM","1"
"3DD.003D2F9419","Steelhead","Unknown","Mark","Dam","PRO","1/11/2021 8:31:25 AM","NA","0","PROTAL","1/11/2021 8:31:25 AM","1"
"3DD.003D2F9419","Steelhead","Unknown","Observation","Instream Remote Detection System","SAT","4/3/2021 3:25:02 PM","05","110","","","1"
"3DD.003D2F9419","Steelhead","Unknown","Observation","Instream Remote Detection System","SAT","4/3/2021 3:25:11 PM","03","110","","","1"
"3DD.003D2F941A","Steelhead","Unknown","Mark","Dam","PRO","3/17/2021 8:48:18 AM","NA","0","PROTAL","3/17/2021 8:48:18 AM","1"
"3DD.003D2F941B","Steelhead","Unknown","Mark","Dam","PRO","4/6/2021 8:36:01 AM","NA","0","PROTAL","4/6/2021 8:36:01 AM","1"
"3DD.003D2F941C","Steelhead","Unknown","Mark","Dam","PRO","1/9/2021 2:36:47 PM","NA","0","PROTAL","1/9/2021 2:36:47 PM","1"
"3DD.003D2F941C","Steelhead","Unknown","Observation","Instream Remote Detection System","SAT","2/24/2021 4:27:59 AM","05","110","","","1"
"3DD.003D2F941C","Steelhead","Unknown","Observation","Instream Remote Detection System","SAT","2/24/2021 4:28:38 AM","03","110","","","1"
"3DD.003D2F941D","Steelhead","Unknown","Mark","Dam","PRO","12/21/2020 9:09:36 AM","NA","0","PROTAL","12/21/2020 9:09:36 AM","1"
"3DD.003D2F941D","Steelhead","Unknown","Observation","Instream Remote Detection System","SAT","3/6/2021 8:15:47 PM","05","110","","","1"
"3DD.003D2F941D","Steelhead","Unknown","Observation","Instream Remote Detection System","SAT","3/6/2021 8:16:02 PM","03","110","","","1"
"3DD.003D2F941D","Steelhead","Unknown","Observation","Instream Remote Detection System","SAT","3/11/2021 12:17:00 AM","03","110","","","1"
"3DD.003D2F941D","Steelhead","Unknown","Observation","Instream Remote Detection System","SAT","3/11/2021 12:17:05 AM","05","110","","","1"
"3DD.003D2F941D","Steelhead","Unknown","Observation","Instream Remote Detection System","SAT","3/21/2021 11:59:04 AM","05","110","","","1"
"3DD.003D2F941D","Steelhead","Unknown","Observation","Instream Remote Detection System","SAT","3/21/2021 11:59:27 AM","03","110","","","1"
"3DD.003D2F941E","Steelhead","Unknown","Mark","Dam","PRO","1/9/2021 2:22:01 PM","NA","0","PROTAL","1/9/2021 2:22:01 PM","1"
"3DD.003D2F941E","Steelhead","Unknown","Observation","Instream Remote Detection System","TOP","3/22/2021 6:42:46 AM","25","100","","","1"
"3DD.003D2F941E","Steelhead","Unknown","Observation","Instream Remote Detection System","TOP","3/22/2021 6:43:02 AM","22","100","","","1"
"3DD.003D2F941E","Steelhead","Unknown","Observation","Instream Remote Detection System","TOP","5/9/2021 12:45:15 PM","22","100","","","1"
"3DD.003D2F941E","Steelhead","Unknown","Observation","Instream Remote Detection System","TOP","5/9/2021 12:45:26 PM","25","100","","","1"
"3DD.003D2F941E","Steelhead","Unknown","Observation","Instream Remote Detection System","TP2","4/7/2021 4:28:14 PM","03","100","","","1"
"3DD.003D2F941E","Steelhead","Unknown","Observation","Instream Remote Detection System","TP2","4/7/2021 4:30:23 PM","01","100","","","1"
"3DD.003D2F941E","Steelhead","Unknown","Observation","Instream Remote Detection System","TP2","5/8/2021 4:28:39 AM","01","100","","","1"
"3DD.003D2F941E","Steelhead","Unknown","Observation","Instream Remote Detection System","TP2","5/8/2021 4:29:23 AM","03","100","","","1"
"3DD.003D2F9421","Steelhead","Unknown","Mark","Dam","PRO","1/12/2021 8:41:54 AM","NA","0","PROTAL","1/12/2021 8:41:54 AM","1"
"3DD.003D2F9421","Steelhead","Unknown","Observation","Instream Remote Detection System","SAT","2/24/2021 4:02:19 AM","05","110","","","1"
"3DD.003D2F9421","Steelhead","Unknown","Observation","Instream Remote Detection System","SAT","2/24/2021 4:02:27 AM","03","110","","","1"
"3DD.003D2F9422","Steelhead","Unknown","Mark","Dam","PRO","1/4/2021 11:22:04 AM","NA","0","PROTAL","1/4/2021 11:22:04 AM","1"
"3DD.003D2F9422","Steelhead","Unknown","Observation","Instream Remote Detection System","SM1","4/1/2021 1:46:57 AM","02","100","","","1"
"3DD.003D2F9422","Steelhead","Unknown","Observation","Instream Remote Detection System","SM1","4/1/2021 1:47:18 AM","01","100","","","1"
"3DD.003D2F9422","Steelhead","Unknown","Observation","Instream Remote Detection System","TOP","3/3/2021 9:36:43 PM","25","100","","","1"
"3DD.003D2F9422","Steelhead","Unknown","Observation","Instream Remote Detection System","TOP","3/3/2021 9:37:11 PM","22","100","","","1"
"3DD.003D2F9423","Steelhead","Unknown","Mark","Dam","PRO","2/22/2021 2:51:54 PM","NA","0","PROTAL","2/22/2021 2:51:54 PM","1"
"3DD.003D2F9423","Steelhead","Unknown","Observation","Combined Dam Location","PRO","2/22/2021 4:53:13 PM","05","110","","","1"
"3DD.003D2F9423","Steelhead","Unknown","Observation","Combined Dam Location","PRO","2/22/2021 4:53:14 PM","05","110","","","1"
"3DD.003D2F9423","Steelhead","Unknown","Observation","Combined Dam Location","PRO","2/22/2021 4:53:15 PM","05","110","","","1"
"3DD.003D2F9423","Steelhead","Unknown","Observation","Combined Dam Location","PRO","2/22/2021 4:53:16 PM","05","110","","","1"
"3DD.003D2F9423","Steelhead","Unknown","Observation","Combined Dam Location","PRO","2/22/2021 4:53:39 PM","06","110","","","1"
"3DD.003D2F9423","Steelhead","Unknown","Observation","Combined Dam Location","PRO","2/22/2021 4:53:40 PM","06","110","","","1"
"3DD.003D2F9423","Steelhead","Unknown","Observation","Combined Dam Location","PRO","2/22/2021 4:53:41 PM","06","110","","","1"
"3DD.003D2F9423","Steelhead","Unknown","Observation","Combined Dam Location","PRO","2/22/2021 4:53:42 PM","06","110","","","1"
"3DD.003D2F9423","Steelhead","Unknown","Observation","Combined Dam Location","PRO","2/22/2021 4:53:44 PM","06","110","","","1"
"3DD.003D2F9423","Steelhead","Unknown","Observation","Combined Dam Location","PRO","3/19/2021 1:19:52 PM","04","110","","","1"
"3DD.003D2F9423","Steelhead","Unknown","Observation","Combined Dam Location","PRO","3/19/2021 1:19:55 PM","03","110","","","1"
"3DD.003D2F9423","Steelhead","Unknown","Observation","Combined Dam Location","PRO","3/19/2021 1:19:56 PM","03","110","","","1"
"3DD.003D2F9427","Steelhead","Unknown","Mark","Dam","PRO","3/22/2021 1:08:55 PM","NA","0","PROTAL","3/22/2021 1:08:55 PM","1"
"3DD.003D2F9427","Steelhead","Unknown","Recapture","Dam","PRO","4/21/2021 11:00:00 AM","NA","0","PROTAL","4/21/2021 11:00:00 AM","1"
"3DD.003D2F9429","Steelhead","Unknown","Mark","Dam","PRO","2/1/2021 9:30:56 AM","NA","0","PROTAL","2/1/2021 9:30:56 AM","1"
"3DD.003D2F9429","Steelhead","Unknown","Observation","Instream Remote Detection System","SAT","4/1/2021 9:38:27 PM","05","110","","","1"
"3DD.003D2F9429","Steelhead","Unknown","Observation","Instream Remote Detection System","SAT","4/1/2021 9:38:42 PM","03","110","","","1"
"3DD.003D2F9429","Steelhead","Unknown","Observation","Instream Remote Detection System","SAT","4/14/2021 9:57:24 PM","03","110","","","1"
"3DD.003D2F9429","Steelhead","Unknown","Observation","Instream Remote Detection System","SAT","4/14/2021 9:57:26 PM","05","110","","","1"
"3DD.003D2F942A","Steelhead","Unknown","Mark","Dam","PRO","4/6/2021 8:02:00 AM","NA","0","PROTAL","4/6/2021 8:02:00 AM","1"
"3DD.003D2F942A","Steelhead","Unknown","Observation","Instream Remote Detection System","SUN","4/24/2022 4:07:37 PM","10","110","","","2"
"3DD.003D2F942A","Steelhead","Unknown","Observation","Combined Dam Location","PRO","4/3/2022 4:34:36 PM","02","110","","","1"
"3DD.003D2F942A","Steelhead","Unknown","Observation","Combined Dam Location","PRO","4/3/2022 4:34:37 PM","02","110","","","1"
"3DD.003D2F942A","Steelhead","Unknown","Observation","Combined Dam Location","PRO","4/3/2022 5:30:25 PM","02","110","","","1"
"3DD.003D2F942A","Steelhead","Unknown","Observation","Combined Dam Location","PRO","4/3/2022 5:30:26 PM","02","110","","","1"
"3DD.003D2F942A","Steelhead","Unknown","Observation","Combined Dam Location","PRO","4/3/2022 5:30:27 PM","02","110","","","1"
"3DD.003D2F942A","Steelhead","Unknown","Observation","Combined Dam Location","PRO","4/3/2022 5:41:42 PM","02","110","","","1"
"3DD.003D2F942A","Steelhead","Unknown","Observation","Combined Dam Location","PRO","4/3/2022 5:46:36 PM","02","110","","","1"
"3DD.003D2F942A","Steelhead","Unknown","Observation","Combined Dam Location","PRO","4/3/2022 5:46:37 PM","02","110","","","1"
"3DD.003D2F942A","Steelhead","Unknown","Observation","Combined Dam Location","PRO","4/3/2022 5:52:09 PM","02","110","","","1"
"3DD.003D2F942A","Steelhead","Unknown","Observation","Combined Dam Location","PRO","4/3/2022 6:00:07 PM","02","110","","","1"
"3DD.003D2F942A","Steelhead","Unknown","Observation","Combined Dam Location","PRO","4/3/2022 6:09:15 PM","02","110","","","1"
"3DD.003D2F942A","Steelhead","Unknown","Observation","Combined Dam Location","PRO","4/3/2022 6:13:55 PM","02","110","","","1"
"3DD.003D2F942A","Steelhead","Unknown","Observation","Combined Dam Location","PRO","4/3/2022 6:13:56 PM","02","110","","","1"
"3DD.003D2F942A","Steelhead","Unknown","Observation","Combined Dam Location","PRO","4/3/2022 6:13:57 PM","01","110","","","1"
"3DD.003D2F942A","Steelhead","Unknown","Recapture","Dam","PRO","5/7/2021 11:00:00 AM","NA","0","PROTAL","5/7/2021 11:00:00 AM","1"
"3DD.003D2F942A","Steelhead","Unknown","Recapture","Dam","PRO","10/28/2021 11:00:00 AM","NA","0","PROTAL","10/28/2021 11:00:00 AM","1"
"3DD.003D2F942B","Steelhead","Unknown","Mark","Dam","PRO","12/28/2020 1:35:06 PM","NA","0","PROTAL","12/28/2020 1:35:06 PM","1"
"3DD.003D2F942B","Steelhead","Unknown","Observation","Instream Remote Detection System","SAT","3/29/2021 12:43:57 AM","05","110","","","1"
"3DD.003D2F942B","Steelhead","Unknown","Observation","Instream Remote Detection System","SAT","3/29/2021 12:47:13 AM","03","110","","","1"
"3DD.003D2F942B","Steelhead","Unknown","Observation","Combined Dam Location","PRO","12/28/2020 1:39:09 PM","05","110","","","1"
"3DD.003D2F942B","Steelhead","Unknown","Observation","Combined Dam Location","PRO","12/28/2020 1:39:15 PM","06","110","","","1"
"3DD.003D2F942B","Steelhead","Unknown","Observation","Combined Dam Location","PRO","12/28/2020 3:54:58 PM","06","110","","","1"
"3DD.003D2F942B","Steelhead","Unknown","Observation","Combined Dam Location","PRO","12/28/2020 4:01:47 PM","06","110","","","1"
"3DD.003D2F942B","Steelhead","Unknown","Observation","Combined Dam Location","PRO","12/28/2020 4:01:48 PM","06","110","","","1"
"3DD.003D2F942B","Steelhead","Unknown","Observation","Combined Dam Location","PRO","12/28/2020 4:01:55 PM","06","110","","","1"
"3DD.003D2F942B","Steelhead","Unknown","Observation","Combined Dam Location","PRO","12/28/2020 4:02:09 PM","05","110","","","1"
"3DD.003D2F942B","Steelhead","Unknown","Observation","Combined Dam Location","PRO","12/28/2020 4:02:10 PM","05","110","","","1"
"3DD.003D2F942B","Steelhead","Unknown","Observation","Combined Dam Location","PRO","12/28/2020 4:02:13 PM","06","110","","","1"
"3DD.003D2F942B","Steelhead","Unknown","Observation","Combined Dam Location","PRO","12/28/2020 4:02:14 PM","06","110","","","1"
"3DD.003D2F942B","Steelhead","Unknown","Observation","Combined Dam Location","PRO","12/28/2020 4:02:16 PM","06","110","","","1"
"3DD.003D2F942B","Steelhead","Unknown","Observation","Combined Dam Location","PRO","12/28/2020 4:09:45 PM","06","110","","","1"
"3DD.003D2F942B","Steelhead","Unknown","Observation","Combined Dam Location","PRO","12/28/2020 4:09:48 PM","06","110","","","1"
"3DD.003D2F942B","Steelhead","Unknown","Observation","Combined Dam Location","PRO","12/28/2020 4:09:53 PM","05","110","","","1"
"3DD.003D2F942B","Steelhead","Unknown","Observation","Combined Dam Location","PRO","12/28/2020 4:09:54 PM","05","110","","","1"
"3DD.003D2F942C","Steelhead","Unknown","Mark","Dam","PRO","12/15/2020 9:30:33 AM","NA","0","PROTAL","12/15/2020 9:30:33 AM","1"
"3DD.003D2F942C","Steelhead","Unknown","Observation","Instream Remote Detection System","SUN","4/1/2021 4:25:22 PM","03","110","","","1"
"3DD.003D2F942D","Steelhead","Unknown","Mark","Dam","PRO","3/22/2021 1:28:15 PM","NA","0","PROTAL","3/22/2021 1:28:15 PM","1"
"3DD.003D2F9430","Steelhead","Unknown","Mark","Dam","PRO","2/22/2021 2:45:09 PM","NA","0","PROTAL","2/22/2021 2:45:09 PM","1"
"3DD.003D2F9430","Steelhead","Unknown","Observation","Juvenile Fish Bypass Facility","BCC","5/2/2021 11:58:48 AM","01","100","","","1"
"3DD.003D2F9430","Steelhead","Unknown","Observation","Instream Remote Detection System","SAT","3/14/2021 1:50:33 AM","05","110","","","1"
"3DD.003D2F9430","Steelhead","Unknown","Observation","Instream Remote Detection System","SAT","3/14/2021 1:50:54 AM","03","110","","","1"
"3DD.003D2F9430","Steelhead","Unknown","Observation","Instream Remote Detection System","SAT","3/19/2021 1:51:19 AM","05","110","","","1"
"3DD.003D2F9430","Steelhead","Unknown","Observation","Instream Remote Detection System","SAT","3/19/2021 1:51:41 AM","03","110","","","1"
"3DD.003D2F9430","Steelhead","Unknown","Observation","Instream Remote Detection System","SAT","4/18/2021 10:48:41 PM","03","110","","","1"
"3DD.003D2F9430","Steelhead","Unknown","Observation","Instream Remote Detection System","SAT","4/18/2021 10:48:49 PM","05","110","","","1"
"3DD.003D2F9430","Steelhead","Unknown","Observation","Combined Dam Location","PRO","2/22/2021 3:02:21 PM","05","110","","","1"
"3DD.003D2F9430","Steelhead","Unknown","Observation","Combined Dam Location","PRO","2/22/2021 3:02:22 PM","05","110","","","1"
"3DD.003D2F9430","Steelhead","Unknown","Observation","Combined Dam Location","PRO","2/22/2021 3:02:23 PM","05","110","","","1"
"3DD.003D2F9430","Steelhead","Unknown","Observation","Combined Dam Location","PRO","2/22/2021 3:02:24 PM","05","110","","","1"
"3DD.003D2F9430","Steelhead","Unknown","Observation","Combined Dam Location","PRO","2/22/2021 3:02:25 PM","05","110","","","1"
"3DD.003D2F9430","Steelhead","Unknown","Observation","Combined Dam Location","PRO","2/22/2021 3:02:26 PM","05","110","","","1"
"3DD.003D2F9430","Steelhead","Unknown","Observation","Combined Dam Location","PRO","2/22/2021 3:02:27 PM","05","110","","","1"
"3DD.003D2F9431","Steelhead","Unknown","Mark","Dam","PRO","2/22/2021 2:50:29 PM","NA","0","PROTAL","2/22/2021 2:50:29 PM","1"
"3DD.003D2F9431","Steelhead","Unknown","Observation","Instream Remote Detection System","SAT","3/18/2021 9:00:32 PM","05","110","","","1"
"3DD.003D2F9431","Steelhead","Unknown","Observation","Instream Remote Detection System","SAT","3/18/2021 9:00:46 PM","03","110","","","1"
"3DD.003D2F9431","Steelhead","Unknown","Observation","Combined Dam Location","PRO","3/13/2021 6:10:42 PM","04","110","","","1"
"3DD.003D2F9431","Steelhead","Unknown","Observation","Combined Dam Location","PRO","3/13/2021 6:10:43 PM","04","110","","","1"
"3DD.003D2F9431","Steelhead","Unknown","Observation","Combined Dam Location","PRO","3/13/2021 6:10:45 PM","03","110","","","1"
"3DD.003D2F9431","Steelhead","Unknown","Observation","Combined Dam Location","PRO","3/13/2021 6:10:46 PM","03","110","","","1"
"3DD.003D2F9432","Steelhead","Unknown","Mark","Dam","PRO","2/3/2021 10:05:13 AM","NA","0","PROTAL","2/3/2021 10:05:13 AM","1"
"3DD.003D2F9432","Steelhead","Unknown","Observation","Instream Remote Detection System","SAT","2/24/2021 1:56:50 AM","04","110","","","1"
"3DD.003D2F9432","Steelhead","Unknown","Observation","Instream Remote Detection System","SAT","2/24/2021 1:57:22 AM","01","110","","","1"
"3DD.003D2F9432","Steelhead","Unknown","Observation","Instream Remote Detection System","SAT","4/25/2021 5:33:05 PM","03","110","","","1"
"3DD.003D2F9432","Steelhead","Unknown","Observation","Instream Remote Detection System","SAT","4/25/2021 5:33:10 PM","05","110","","","1"
"3DD.003D2F9433","Steelhead","Unknown","Mark","Dam","PRO","2/22/2021 2:46:55 PM","NA","0","PROTAL","2/22/2021 2:46:55 PM","1"
"3DD.003D2F9433","Steelhead","Unknown","Observation","Instream Remote Detection System","SAT","3/5/2021 3:14:27 AM","04","110","","","1"
"3DD.003D2F9433","Steelhead","Unknown","Observation","Instream Remote Detection System","SAT","3/5/2021 3:14:48 AM","01","110","","","1"
"3DD.003D2F9433","Steelhead","Unknown","Observation","Combined Dam Location","PRO","2/22/2021 3:27:46 PM","05","110","","","1"
"3DD.003D2F9433","Steelhead","Unknown","Observation","Combined Dam Location","PRO","2/22/2021 3:27:47 PM","05","110","","","1"
"3DD.003D2F9433","Steelhead","Unknown","Observation","Combined Dam Location","PRO","2/22/2021 3:27:48 PM","05","110","","","1"
"3DD.003D2F9433","Steelhead","Unknown","Observation","Combined Dam Location","PRO","2/22/2021 3:27:58 PM","05","110","","","1"
"3DD.003D2F9433","Steelhead","Unknown","Observation","Combined Dam Location","PRO","2/22/2021 3:27:59 PM","05","110","","","1"
"3DD.003D2F9433","Steelhead","Unknown","Observation","Combined Dam Location","PRO","2/22/2021 3:28:00 PM","05","110","","","1"
"3DD.003D2F9433","Steelhead","Unknown","Observation","Combined Dam Location","PRO","2/22/2021 3:28:01 PM","05","110","","","1"
"3DD.003D2F9433","Steelhead","Unknown","Observation","Combined Dam Location","PRO","2/22/2021 3:28:02 PM","05","110","","","1"
"3DD.003D2F9433","Steelhead","Unknown","Observation","Combined Dam Location","PRO","2/22/2021 3:28:03 PM","05","110","","","1"
"3DD.003D2F9433","Steelhead","Unknown","Observation","Combined Dam Location","PRO","2/22/2021 3:28:04 PM","05","110","","","1"
"3DD.003D2F9434","Steelhead","Unknown","Mark","Dam","PRO","2/22/2021 2:39:34 PM","NA","0","PROTAL","2/22/2021 2:39:34 PM","1"
"3DD.003D2F9434","Steelhead","Unknown","Observation","Juvenile Fish Bypass Facility","BCC","5/31/2021 10:44:09 AM","01","100","","","1"
"3DD.003D2F9434","Steelhead","Unknown","Observation","Juvenile Fish Bypass Facility","BCC","5/31/2021 10:44:10 AM","01","100","","","1"
"3DD.003D2F9434","Steelhead","Unknown","Observation","Instream Remote Detection System","SUN","4/7/2021 1:25:04 PM","10","110","","","1"
"3DD.003D2F9434","Steelhead","Unknown","Observation","Combined Dam Location","PRO","2/22/2021 3:29:24 PM","05","110","","","1"
"3DD.003D2F9434","Steelhead","Unknown","Observation","Combined Dam Location","PRO","2/22/2021 3:29:26 PM","06","110","","","1"
"3DD.003D2F9434","Steelhead","Unknown","Observation","Combined Dam Location","PRO","2/22/2021 3:29:27 PM","06","110","","","1"
"3DD.003D2F9434","Steelhead","Unknown","Observation","Combined Dam Location","PRO","3/3/2021 11:11:06 AM","04","110","","","1"
"3DD.003D2F9434","Steelhead","Unknown","Observation","Combined Dam Location","PRO","3/3/2021 11:11:07 AM","04","110","","","1"
"3DD.003D2F9434","Steelhead","Unknown","Observation","Combined Dam Location","PRO","3/3/2021 11:11:12 AM","03","110","","","1"
"3DD.003D2F9434","Steelhead","Unknown","Observation","Combined Dam Location","PRO","3/3/2021 11:11:13 AM","03","110","","","1"
"3DD.003D2F9435","Steelhead","Unknown","Mark","Dam","PRO","12/21/2020 9:06:59 AM","NA","0","PROTAL","12/21/2020 9:06:59 AM","1"
"3DD.003D2F9435","Steelhead","Unknown","Observation","Instream Remote Detection System","SAT","3/29/2021 12:17:02 AM","04","110","","","1"
"3DD.003D2F9435","Steelhead","Unknown","Observation","Instream Remote Detection System","SAT","3/29/2021 12:17:26 AM","01","110","","","1"
"3DD.003D2F9435","Steelhead","Unknown","Observation","Instream Remote Detection System","SAT","4/18/2021 6:51:44 AM","03","110","","","1"
"3DD.003D2F9435","Steelhead","Unknown","Observation","Instream Remote Detection System","SAT","4/18/2021 6:51:48 AM","05","110","","","1"
"3DD.003D2F9436","Steelhead","Unknown","Mark","Dam","PRO","1/18/2021 2:36:57 PM","NA","0","PROTAL","1/18/2021 2:36:57 PM","1"
"3DD.003D2F9436","Steelhead","Unknown","Observation","Combined Dam Location","PRO","1/18/2021 3:07:27 PM","05","110","","","1"
"3DD.003D2F9436","Steelhead","Unknown","Observation","Combined Dam Location","PRO","1/18/2021 3:07:28 PM","05","110","","","1"
"3DD.003D2F9436","Steelhead","Unknown","Observation","Combined Dam Location","PRO","1/18/2021 7:25:29 PM","06","110","","","1"
"3DD.003D2F9436","Steelhead","Unknown","Observation","Combined Dam Location","PRO","1/18/2021 8:03:12 PM","06","110","","","1"
"3DD.003D2F9436","Steelhead","Unknown","Observation","Combined Dam Location","PRO","1/18/2021 8:03:13 PM","06","110","","","1"
"3DD.003D2F9436","Steelhead","Unknown","Observation","Combined Dam Location","PRO","1/19/2021 12:35:38 AM","05","110","","","1"
"3DD.003D2F9436","Steelhead","Unknown","Observation","Combined Dam Location","PRO","1/19/2021 12:35:39 AM","05","110","","","1"
"3DD.003D2F9436","Steelhead","Unknown","Observation","Combined Dam Location","PRO","1/19/2021 12:46:40 AM","05","110","","","1"
"3DD.003D2F9436","Steelhead","Unknown","Observation","Combined Dam Location","PRO","1/19/2021 12:46:41 AM","05","110","","","1"
"3DD.003D2F9436","Steelhead","Unknown","Observation","Combined Dam Location","PRO","1/19/2021 1:14:50 AM","05","110","","","1"
"3DD.003D2F9436","Steelhead","Unknown","Observation","Combined Dam Location","PRO","1/19/2021 1:14:51 AM","05","110","","","1"
"3DD.003D2F9436","Steelhead","Unknown","Observation","Combined Dam Location","PRO","1/19/2021 1:29:22 AM","05","110","","","1"
"3DD.003D2F9436","Steelhead","Unknown","Observation","Combined Dam Location","PRO","1/19/2021 1:29:27 AM","06","110","","","1"
"3DD.003D2F9436","Steelhead","Unknown","Observation","Combined Dam Location","PRO","1/19/2021 1:29:28 AM","06","110","","","1"
"3DD.003D2F9436","Steelhead","Unknown","Observation","Combined Dam Location","PRO","1/28/2021 6:35:13 PM","04","110","","","1"
"3DD.003D2F9436","Steelhead","Unknown","Observation","Combined Dam Location","PRO","1/28/2021 6:35:14 PM","04","110","","","1"
"3DD.003D2F9436","Steelhead","Unknown","Observation","Combined Dam Location","PRO","1/29/2021 12:52:09 PM","04","110","","","1"
"3DD.003D2F9436","Steelhead","Unknown","Observation","Combined Dam Location","PRO","1/29/2021 12:52:10 PM","04","110","","","1"
"3DD.003D2F9436","Steelhead","Unknown","Observation","Combined Dam Location","PRO","1/31/2021 11:08:18 AM","02","110","","","1"
"3DD.003D2F9436","Steelhead","Unknown","Observation","Combined Dam Location","PRO","1/31/2021 1:53:43 PM","02","110","","","1"
"3DD.003D2F9436","Steelhead","Unknown","Observation","Combined Dam Location","PRO","1/31/2021 3:14:03 PM","02","110","","","1"
"3DD.003D2F9436","Steelhead","Unknown","Observation","Combined Dam Location","PRO","1/31/2021 4:00:11 PM","02","110","","","1"
"3DD.003D2F9436","Steelhead","Unknown","Observation","Combined Dam Location","PRO","1/31/2021 4:00:12 PM","02","110","","","1"
"3DD.003D2F9436","Steelhead","Unknown","Observation","Combined Dam Location","PRO","2/1/2021 10:47:23 AM","02","110","","","1"
"3DD.003D2F9436","Steelhead","Unknown","Observation","Combined Dam Location","PRO","2/1/2021 10:47:24 AM","02","110","","","1"
"3DD.003D2F9436","Steelhead","Unknown","Observation","Combined Dam Location","PRO","2/1/2021 11:20:12 AM","02","110","","","1"
"3DD.003D2F9436","Steelhead","Unknown","Observation","Combined Dam Location","PRO","2/2/2021 2:04:55 PM","04","110","","","1"
"3DD.003D2F9436","Steelhead","Unknown","Observation","Combined Dam Location","PRO","2/2/2021 2:04:56 PM","04","110","","","1"
"3DD.003D2F9436","Steelhead","Unknown","Observation","Combined Dam Location","PRO","2/2/2021 2:04:58 PM","04","110","","","1"
"3DD.003D2F9436","Steelhead","Unknown","Observation","Combined Dam Location","PRO","2/2/2021 2:04:59 PM","03","110","","","1"
"3DD.003D2F9436","Steelhead","Unknown","Observation","Combined Dam Location","PRO","2/2/2021 2:04:59 PM","04","110","","","1"
"3DD.003D2F9437","Steelhead","Unknown","Mark","Dam","PRO","12/28/2020 1:24:42 PM","NA","0","PROTAL","12/28/2020 1:24:42 PM","1"
"3DD.003D2F9437","Steelhead","Unknown","Observation","Combined Dam Location","PRO","12/28/2020 1:34:08 PM","05","110","","","1"
"3DD.003D2F9437","Steelhead","Unknown","Observation","Combined Dam Location","PRO","12/28/2020 1:34:09 PM","05","110","","","1"
"3DD.003D2F9437","Steelhead","Unknown","Observation","Combined Dam Location","PRO","12/28/2020 3:51:16 PM","05","110","","","1"
"3DD.003D2F9437","Steelhead","Unknown","Observation","Combined Dam Location","PRO","12/28/2020 3:51:17 PM","05","110","","","1"
"3DD.003D2F9437","Steelhead","Unknown","Observation","Combined Dam Location","PRO","12/28/2020 3:51:40 PM","05","110","","","1"
"3DD.003D2F9437","Steelhead","Unknown","Observation","Combined Dam Location","PRO","12/28/2020 3:51:41 PM","05","110","","","1"
"3DD.003D2F9439","Steelhead","Unknown","Mark","Dam","PRO","1/4/2021 11:11:01 AM","NA","0","PROTAL","1/4/2021 11:11:01 AM","1"
"3DD.003D2F9439","Steelhead","Unknown","Observation","Instream Remote Detection System","SAT","3/9/2021 12:08:43 AM","05","110","","","1"
"3DD.003D2F9439","Steelhead","Unknown","Observation","Instream Remote Detection System","SAT","3/9/2021 12:08:59 AM","03","110","","","1"
"3DD.003D2F943B","Steelhead","Unknown","Mark","Dam","PRO","12/8/2020 8:43:48 AM","NA","0","PROTAL","12/8/2020 8:43:48 AM","1"
"3DD.003D2F943B","Steelhead","Unknown","Observation","Combined Dam Location","PRO","2/27/2021 1:56:50 PM","02","110","","","1"
"3DD.003D2F943B","Steelhead","Unknown","Observation","Combined Dam Location","PRO","2/27/2021 3:27:03 PM","02","110","","","1"
"3DD.003D2F943B","Steelhead","Unknown","Observation","Combined Dam Location","PRO","2/27/2021 3:27:04 PM","02","110","","","1"
"3DD.003D2F943B","Steelhead","Unknown","Observation","Combined Dam Location","PRO","3/2/2021 3:57:28 PM","06","110","","","1"
"3DD.003D2F943B","Steelhead","Unknown","Observation","Combined Dam Location","PRO","3/2/2021 3:57:30 PM","05","110","","","1"
"3DD.003D2F943B","Steelhead","Unknown","Observation","Combined Dam Location","PRO","3/2/2021 3:57:31 PM","05","110","","","1"
"3DD.003D2F943E","Steelhead","Unknown","Mark","Dam","PRO","3/17/2021 8:57:22 AM","NA","0","PROTAL","3/17/2021 8:57:22 AM","1"
"3DD.003D2F943E","Steelhead","Unknown","Observation","Juvenile Fish Bypass Facility","SSJ","4/19/2022 10:48:13 PM","05","110","","","1"
"3DD.003D2F943E","Steelhead","Unknown","Observation","Instream Remote Detection System","SUN","4/3/2022 8:27:57 PM","10","110","","","2"
"3DD.003D2F943E","Steelhead","Unknown","Observation","Instream Remote Detection System","SUN","4/3/2022 10:38:53 PM","10","110","","","2"
"3DD.003D2F943E","Steelhead","Unknown","Observation","Instream Remote Detection System","SUN","4/4/2022 7:08:53 PM","10","110","","","2"
"3DD.003D2F943E","Steelhead","Unknown","Observation","Instream Remote Detection System","SUN","4/5/2022 12:56:11 PM","10","110","","","2"
"3DD.003D2F943E","Steelhead","Unknown","Observation","Instream Remote Detection System","SUN","4/5/2022 2:20:08 PM","10","110","","","2"
"3DD.003D2F943E","Steelhead","Unknown","Observation","Instream Remote Detection System","SUN","4/5/2022 2:21:54 PM","10","110","","","2"
"3DD.003D2F943E","Steelhead","Unknown","Observation","Instream Remote Detection System","SUN","4/5/2022 2:58:37 PM","10","110","","","2"
"3DD.003D2F943E","Steelhead","Unknown","Observation","Instream Remote Detection System","SUN","4/5/2022 7:05:07 PM","10","110","","","2"
"3DD.003D2F943E","Steelhead","Unknown","Observation","Instream Remote Detection System","SUN","4/6/2022 2:25:37 PM","02","110","","","2"
"3DD.003D2F943E","Steelhead","Unknown","Observation","Combined Dam Location","PRO","3/28/2022 2:51:14 PM","02","110","","","1"
"3DD.003D2F943E","Steelhead","Unknown","Observation","Combined Dam Location","PRO","3/28/2022 5:00:14 PM","02","110","","","1"
"3DD.003D2F943E","Steelhead","Unknown","Observation","Combined Dam Location","PRO","3/28/2022 5:00:15 PM","02","110","","","1"
"3DD.003D2F943E","Steelhead","Unknown","Observation","Combined Dam Location","PRO","3/28/2022 5:00:16 PM","01","110","","","1"
"3DD.003D2F943E","Steelhead","Unknown","Observation","Combined Dam Location","ROZ","3/28/2021 12:54:40 AM","03","110","","","1"
"3DD.003D2F943E","Steelhead","Unknown","Observation","Combined Dam Location","ROZ","3/28/2021 12:54:41 AM","03","110","","","1"
"3DD.003D2F943E","Steelhead","Unknown","Observation","Combined Dam Location","ROZ","3/28/2021 12:57:02 AM","02","110","","","1"
"3DD.003D2F943E","Steelhead","Unknown","Observation","Combined Dam Location","ROZ","3/28/2021 12:57:06 AM","01","110","","","1"
"3DD.003D2F943E","Steelhead","Unknown","Observation","Combined Dam Location","ROZ","3/28/2021 12:57:07 AM","01","110","","","1"
"3DD.003D2F943E","Steelhead","Unknown","Observation","Combined Dam Location","ROZ","3/28/2021 4:00:12 PM","01","110","","","1"
"3DD.003D2F943E","Steelhead","Unknown","Observation","Combined Dam Location","ROZ","3/28/2021 4:00:13 PM","01","110","","","1"
"3DD.003D2F943E","Steelhead","Unknown","Observation","Combined Dam Location","ROZ","3/28/2021 4:02:26 PM","02","110","","","1"
"3DD.003D2F943E","Steelhead","Unknown","Observation","Combined Dam Location","ROZ","3/28/2021 4:06:14 PM","03","110","","","1"
"3DD.003D2F943E","Steelhead","Unknown","Recapture","Dam","PRO","4/12/2021 11:00:00 AM","NA","0","PROTAL","4/12/2021 11:00:00 AM","1"
"3DD.003D2F943E","Steelhead","Unknown","Recapture","Dam","PRO","10/28/2021 11:00:00 AM","NA","0","PROTAL","10/28/2021 11:00:00 AM","1"
"3DD.003D2F943F","Steelhead","Unknown","Mark","Dam","PRO","4/14/2021 8:06:56 AM","NA","0","PROTAL","4/14/2021 8:06:56 AM","1"
"3DD.003D2F9440","Steelhead","Unknown","Mark","Dam","PRO","4/6/2021 8:31:43 AM","NA","0","PROTAL","4/6/2021 8:31:43 AM","1"
"3DD.003D2F9440","Steelhead","Unknown","Observation","Combined Dam Location","ROZ","4/16/2021 11:25:44 PM","03","110","","","1"
"3DD.003D2F9440","Steelhead","Unknown","Observation","Combined Dam Location","ROZ","4/16/2021 11:25:45 PM","03","110","","","1"
"3DD.003D2F9440","Steelhead","Unknown","Observation","Combined Dam Location","ROZ","4/16/2021 11:25:49 PM","02","110","","","1"
"3DD.003D2F9440","Steelhead","Unknown","Observation","Combined Dam Location","ROZ","4/16/2021 11:25:53 PM","01","110","","","1"
"3DD.003D2F9440","Steelhead","Unknown","Observation","Combined Dam Location","ROZ","4/16/2021 11:25:54 PM","01","110","","","1"
"3DD.003D2F9440","Steelhead","Unknown","Recapture","Dam","ROZ","4/19/2021 11:00:00 AM","NA","0","ROZTAL","4/19/2021 11:00:00 AM","1"
"3DD.003D2F9441","Steelhead","Unknown","Mark","Dam","PRO","1/14/2021 9:35:57 AM","NA","0","PROTAL","1/14/2021 9:35:57 AM","1"
"3DD.003D2F9441","Steelhead","Unknown","Observation","Instream Remote Detection System","SAT","1/31/2021 11:34:32 PM","05","110","","","1"
"3DD.003D2F9441","Steelhead","Unknown","Observation","Instream Remote Detection System","SAT","1/31/2021 11:34:51 PM","03","110","","","1"
"3DD.003D2F9442","Steelhead","Unknown","Mark","Dam","PRO","1/4/2021 11:19:22 AM","NA","0","PROTAL","1/4/2021 11:19:22 AM","1"
"3DD.003D2F9442","Steelhead","Unknown","Observation","Instream Remote Detection System","SAT","2/24/2021 6:21:24 AM","04","110","","","1"
"3DD.003D2F9442","Steelhead","Unknown","Observation","Instream Remote Detection System","SAT","2/24/2021 6:21:43 AM","01","110","","","1"
"3DD.003D2F9442","Steelhead","Unknown","Observation","Instream Remote Detection System","SAT","3/29/2021 3:10:52 AM","01","110","","","1"
"3DD.003D2F9442","Steelhead","Unknown","Observation","Instream Remote Detection System","SAT","3/29/2021 3:11:08 AM","04","110","","","1"
"3DD.003D2F9442","Steelhead","Unknown","Recapture","Dam","PRO","4/15/2021 11:00:00 AM","NA","0","PROTAL","4/15/2021 11:00:00 AM","1"
"3DD.003D2F9442","Steelhead","Unknown","Recapture","Dam","PRO","10/28/2021 11:00:00 AM","NA","0","PROTAL","10/28/2021 11:00:00 AM","1"
"3DD.003D2F9444","Steelhead","Unknown","Mark","Dam","PRO","1/4/2021 11:36:37 AM","NA","0","PROTAL","1/4/2021 11:36:37 AM","1"
"3DD.003D2F9444","Steelhead","Unknown","Observation","Instream Remote Detection System","SAT","2/3/2021 6:37:02 AM","05","110","","","1"
"3DD.003D2F9444","Steelhead","Unknown","Observation","Instream Remote Detection System","SAT","2/3/2021 6:37:11 AM","03","110","","","1"
"3DD.003D2F9444","Steelhead","Unknown","Observation","Instream Remote Detection System","SAT","2/9/2021 11:11:37 PM","03","110","","","1"
"3DD.003D2F9444","Steelhead","Unknown","Observation","Instream Remote Detection System","SAT","2/9/2021 11:11:39 PM","05","110","","","1"
"3DD.003D2F9444","Steelhead","Unknown","Observation","Instream Remote Detection System","SAT","4/12/2021 10:15:32 PM","05","110","","","1"
"3DD.003D2F9444","Steelhead","Unknown","Observation","Instream Remote Detection System","SAT","4/12/2021 10:15:40 PM","03","110","","","1"
"3DD.003D2F9444","Steelhead","Unknown","Observation","Instream Remote Detection System","SAT","4/22/2021 7:55:43 PM","03","110","","","1"
"3DD.003D2F9444","Steelhead","Unknown","Observation","Instream Remote Detection System","SAT","4/22/2021 7:55:46 PM","05","110","","","1"
"3DD.003D2F9445","Steelhead","Unknown","Mark","Dam","PRO","3/26/2021 9:23:07 AM","NA","0","PROTAL","3/26/2021 9:23:07 AM","1"
"3DD.003D2F9445","Steelhead","Unknown","Observation","Juvenile Fish Bypass Facility","SSJ","4/24/2021 7:38:23 AM","05","110","","","1"
"3DD.003D2F9447","Steelhead","Unknown","Mark","Dam","PRO","1/4/2021 11:33:42 AM","NA","0","PROTAL","1/4/2021 11:33:42 AM","1"
"3DD.003D2F9448","Steelhead","Unknown","Mark","Dam","PRO","2/3/2021 9:44:44 AM","NA","0","PROTAL","2/3/2021 9:44:44 AM","1"
"3DD.003D2F9448","Steelhead","Unknown","Observation","Instream Remote Detection System","TOP","4/6/2021 4:57:28 PM","24","100","","","1"
"3DD.003D2F9448","Steelhead","Unknown","Observation","Instream Remote Detection System","TOP","5/6/2021 4:44:36 AM","25","100","","","1"
"3DD.003D2F9448","Steelhead","Unknown","Observation","Instream Remote Detection System","TP2","4/18/2021 9:33:00 PM","03","100","","","1"
"3DD.003D2F9448","Steelhead","Unknown","Observation","Instream Remote Detection System","TP2","4/18/2021 9:34:15 PM","01","100","","","1"
"3DD.003D2F9448","Steelhead","Unknown","Observation","Instream Remote Detection System","TP2","5/5/2021 4:07:34 AM","01","100","","","1"
"3DD.003D2F9448","Steelhead","Unknown","Observation","Instream Remote Detection System","TP2","5/5/2021 4:07:37 AM","03","100","","","1"
"3DD.003D2F9448","Steelhead","Unknown","Observation","Adult Fishway","MC2","11/28/2021 12:04:35 AM","01","120","","","1"
"3DD.003D2F9448","Steelhead","Unknown","Observation","Adult Fishway","MC2","11/28/2021 12:04:36 AM","01","120","","","1"
"3DD.003D2F9448","Steelhead","Unknown","Observation","Adult Fishway","MC2","11/28/2021 12:04:37 AM","01","120","","","1"
"3DD.003D2F9448","Steelhead","Unknown","Observation","Adult Fishway","MC2","11/28/2021 12:04:40 AM","02","120","","","1"
"3DD.003D2F9448","Steelhead","Unknown","Observation","Adult Fishway","MC2","11/28/2021 12:04:41 AM","02","120","","","1"
"3DD.003D2F9448","Steelhead","Unknown","Observation","Adult Fishway","MC2","11/28/2021 12:04:43 AM","03","120","","","1"
"3DD.003D2F9448","Steelhead","Unknown","Observation","Adult Fishway","MC2","11/28/2021 12:04:44 AM","03","120","","","1"
"3DD.003D2F9448","Steelhead","Unknown","Observation","Adult Fishway","MC2","11/28/2021 12:04:45 AM","03","120","","","1"
"3DD.003D2F9448","Steelhead","Unknown","Observation","Adult Fishway","MC2","11/28/2021 12:04:46 AM","03","120","","","1"
"3DD.003D2F9448","Steelhead","Unknown","Observation","Adult Fishway","MC2","11/28/2021 12:04:47 AM","03","120","","","1"
"3DD.003D2F9448","Steelhead","Unknown","Observation","Adult Fishway","MC2","11/28/2021 12:04:48 AM","03","120","","","1"
"3DD.003D2F9448","Steelhead","Unknown","Observation","Adult Fishway","MC2","11/28/2021 12:04:49 AM","03","120","","","1"
"3DD.003D2F9448","Steelhead","Unknown","Observation","Adult Fishway","MC2","11/28/2021 12:04:50 AM","03","120","","","1"
"3DD.003D2F9448","Steelhead","Unknown","Observation","Adult Fishway","MC2","11/28/2021 12:22:41 AM","13","120","","","1"
"3DD.003D2F9448","Steelhead","Unknown","Recapture","Dam","PRO","5/7/2021 11:00:00 AM","NA","0","PROTAL","5/7/2021 11:00:00 AM","1"
"3DD.003D2F9448","Steelhead","Unknown","Recapture","Dam","PRO","10/28/2021 11:00:00 AM","NA","0","PROTAL","10/28/2021 11:00:00 AM","1"
"3DD.003D2F944A","Steelhead","Unknown","Mark","Dam","PRO","4/6/2021 8:23:14 AM","NA","0","PROTAL","4/6/2021 8:23:14 AM","1"
"3DD.003D2F944A","Steelhead","Unknown","Observation","Juvenile Fish Bypass Facility","BCC","6/6/2021 6:29:03 AM","01","100","","","1"
"3DD.003D2F944A","Steelhead","Unknown","Observation","Juvenile Fish Bypass Facility","SSJ","5/17/2021 7:33:54 AM","01","110","","","1"
"3DD.003D2F944A","Steelhead","Unknown","Observation","Juvenile Fish Bypass Facility","SSJ","5/17/2021 8:45:23 AM","03","110","","","1"
"3DD.003D2F944A","Steelhead","Unknown","Observation","Juvenile Fish Bypass Facility","SSJ","5/17/2021 10:44:44 AM","02","110","","","1"
"3DD.003D2F944A","Steelhead","Unknown","Observation","Juvenile Fish Bypass Facility","SSJ","5/18/2021 8:29:56 AM","01","110","","","1"
"3DD.003D2F944A","Steelhead","Unknown","Observation","Juvenile Fish Bypass Facility","SSJ","5/18/2021 8:37:05 AM","02","110","","","1"
"3DD.003D2F944A","Steelhead","Unknown","Observation","Juvenile Fish Bypass Facility","SSJ","5/18/2021 8:38:08 AM","03","110","","","1"
"3DD.003D2F944A","Steelhead","Unknown","Observation","Juvenile Fish Bypass Facility","SSJ","5/18/2021 12:18:40 PM","05","110","","","1"
"3DD.003D2F944B","Steelhead","Unknown","Mark","Dam","PRO","1/20/2021 8:35:57 AM","NA","0","PROTAL","1/20/2021 8:35:57 AM","1"
"3DD.003D2F944B","Steelhead","Unknown","Observation","Instream Remote Detection System","SAT","2/24/2021 1:16:55 AM","05","110","","","1"
"3DD.003D2F944B","Steelhead","Unknown","Observation","Instream Remote Detection System","SAT","2/24/2021 1:17:17 AM","03","110","","","1"
"3DD.003D2F944B","Steelhead","Unknown","Observation","Instream Remote Detection System","SAT","3/16/2021 3:52:57 PM","01","110","","","1"
"3DD.003D2F944B","Steelhead","Unknown","Observation","Instream Remote Detection System","SAT","3/16/2021 3:53:03 PM","04","110","","","1"
"3DD.003D2F944C","Steelhead","Unknown","Mark","Dam","PRO","1/4/2021 11:28:31 AM","NA","0","PROTAL","1/4/2021 11:28:31 AM","1"
"3DD.003D2F944D","Steelhead","Unknown","Mark","Dam","PRO","1/18/2021 2:51:05 PM","NA","0","PROTAL","1/18/2021 2:51:05 PM","1"
"3DD.003D2F944D","Steelhead","Unknown","Observation","Instream Remote Detection System","SAT","3/7/2021 12:29:30 AM","05","110","","","1"
"3DD.003D2F944D","Steelhead","Unknown","Observation","Instream Remote Detection System","SAT","3/7/2021 12:30:08 AM","03","110","","","1"
"3DD.003D2F944D","Steelhead","Unknown","Observation","Instream Remote Detection System","SAT","4/8/2021 2:15:53 AM","03","110","","","1"
"3DD.003D2F944D","Steelhead","Unknown","Observation","Instream Remote Detection System","SAT","4/8/2021 2:15:56 AM","05","110","","","1"
"3DD.003D2F944D","Steelhead","Unknown","Observation","Combined Dam Location","PRO","1/18/2021 2:55:09 PM","05","110","","","1"
"3DD.003D2F944D","Steelhead","Unknown","Observation","Combined Dam Location","PRO","1/18/2021 2:55:10 PM","06","110","","","1"
"3DD.003D2F944D","Steelhead","Unknown","Observation","Combined Dam Location","PRO","2/2/2021 7:48:33 PM","02","110","","","1"
"3DD.003D2F944D","Steelhead","Unknown","Observation","Combined Dam Location","PRO","2/2/2021 7:48:34 PM","02","110","","","1"
"3DD.003D2F944D","Steelhead","Unknown","Observation","Combined Dam Location","PRO","2/2/2021 7:48:35 PM","01","110","","","1"
"3DD.003D2F944D","Steelhead","Unknown","Observation","Combined Dam Location","PRO","2/2/2021 7:48:36 PM","01","110","","","1"
"3DD.003D2F944D","Steelhead","Unknown","Observation","Combined Dam Location","PRO","2/2/2021 8:05:00 PM","01","110","","","1"
"3DD.003D2F944D","Steelhead","Unknown","Observation","Combined Dam Location","PRO","2/2/2021 8:05:01 PM","01","110","","","1"
"3DD.003D2F944D","Steelhead","Unknown","Observation","Combined Dam Location","PRO","2/2/2021 8:07:19 PM","01","110","","","1"
"3DD.003D2F944D","Steelhead","Unknown","Observation","Combined Dam Location","PRO","2/2/2021 8:07:20 PM","01","110","","","1"
"3DD.003D2F944D","Steelhead","Unknown","Observation","Combined Dam Location","PRO","2/2/2021 8:10:51 PM","01","110","","","1"
"3DD.003D2F944D","Steelhead","Unknown","Observation","Combined Dam Location","PRO","2/2/2021 8:10:52 PM","01","110","","","1"
"3DD.003D2F944D","Steelhead","Unknown","Observation","Combined Dam Location","PRO","2/2/2021 8:10:53 PM","01","110","","","1"
"3DD.003D2F944D","Steelhead","Unknown","Observation","Combined Dam Location","PRO","2/2/2021 8:10:57 PM","01","110","","","1"
"3DD.003D2F944D","Steelhead","Unknown","Observation","Combined Dam Location","PRO","2/2/2021 8:10:58 PM","01","110","","","1"
"3DD.003D2F944D","Steelhead","Unknown","Recapture","Dam","PRO","4/19/2021 11:00:00 AM","NA","0","PROTAL","4/19/2021 11:00:00 AM","1"
"3DD.003D2F944D","Steelhead","Unknown","Recapture","Dam","PRO","10/28/2021 11:00:00 AM","NA","0","PROTAL","10/28/2021 11:00:00 AM","1"
"3DD.003D2F944E","Steelhead","Unknown","Mark","Dam","PRO","1/9/2021 2:33:28 PM","NA","0","PROTAL","1/9/2021 2:33:28 PM","1"
"3DD.003D2F944E","Steelhead","Unknown","Observation","Juvenile Fish Bypass Facility","BCC","5/16/2021 9:30:55 AM","01","100","","","1"
"3DD.003D2F944F","Steelhead","Unknown","Mark","Dam","PRO","1/11/2021 8:38:07 AM","NA","0","PROTAL","1/11/2021 8:38:07 AM","1"
"3DD.003D2F944F","Steelhead","Unknown","Observation","Instream Remote Detection System","LMT","5/12/2021 8:43:14 AM","06","110","","","1"
"3DD.003D2F944F","Steelhead","Unknown","Observation","Instream Remote Detection System","LMT","5/12/2021 8:43:19 AM","03","110","","","1"
"3DD.003D2F944F","Steelhead","Unknown","Observation","Instream Remote Detection System","SUN","3/31/2021 8:44:57 PM","03","110","","","1"
"3DD.003D2F944F","Steelhead","Unknown","Observation","Combined Dam Location","ROZ","5/3/2021 12:49:02 PM","03","110","","","1"
"3DD.003D2F944F","Steelhead","Unknown","Observation","Combined Dam Location","ROZ","5/3/2021 12:49:03 PM","03","110","","","1"
"3DD.003D2F944F","Steelhead","Unknown","Observation","Combined Dam Location","ROZ","5/3/2021 12:50:38 PM","02","110","","","1"
"3DD.003D2F944F","Steelhead","Unknown","Observation","Combined Dam Location","ROZ","5/3/2021 12:50:39 PM","02","110","","","1"
"3DD.003D2F944F","Steelhead","Unknown","Observation","Combined Dam Location","ROZ","5/3/2021 12:51:56 PM","01","110","","","1"
"3DD.003D2F944F","Steelhead","Unknown","Observation","Combined Dam Location","ROZ","5/3/2021 12:51:57 PM","01","110","","","1"
"3DD.003D2F944F","Steelhead","Unknown","Recapture","Dam","ROZ","5/7/2021 11:00:00 AM","NA","0","ROZTAL","5/7/2021 11:00:00 AM","1"
"3DD.003D2F9451","Steelhead","Unknown","Mark","Dam","PRO","11/25/2020 9:13:01 AM","NA","0","PROTAL","11/25/2020 9:13:01 AM","1"
"3DD.003D2F9451","Steelhead","Unknown","Observation","Combined Dam Location","PRO","11/25/2020 9:22:29 AM","05","110","","","1"
"3DD.003D2F9451","Steelhead","Unknown","Observation","Combined Dam Location","PRO","11/25/2020 9:22:31 AM","06","110","","","1"
"3DD.003D2F9451","Steelhead","Unknown","Observation","Combined Dam Location","PRO","12/5/2020 5:57:48 PM","04","110","","","1"
"3DD.003D2F9451","Steelhead","Unknown","Observation","Combined Dam Location","PRO","12/5/2020 5:57:49 PM","04","110","","","1"
"3DD.003D2F9451","Steelhead","Unknown","Observation","Combined Dam Location","PRO","12/5/2020 6:13:09 PM","04","110","","","1"
"3DD.003D2F9451","Steelhead","Unknown","Observation","Combined Dam Location","PRO","12/5/2020 7:36:35 PM","04","110","","","1"
"3DD.003D2F9451","Steelhead","Unknown","Observation","Combined Dam Location","PRO","12/6/2020 1:58:35 AM","04","110","","","1"
"3DD.003D2F9451","Steelhead","Unknown","Observation","Combined Dam Location","PRO","12/6/2020 7:54:13 AM","04","110","","","1"
"3DD.003D2F9451","Steelhead","Unknown","Observation","Combined Dam Location","PRO","12/6/2020 7:54:14 AM","04","110","","","1"
"3DD.003D2F9451","Steelhead","Unknown","Observation","Combined Dam Location","PRO","12/6/2020 10:29:55 AM","04","110","","","1"
"3DD.003D2F9451","Steelhead","Unknown","Observation","Combined Dam Location","PRO","12/6/2020 10:29:56 AM","04","110","","","1"
"3DD.003D2F9451","Steelhead","Unknown","Observation","Combined Dam Location","PRO","12/6/2020 10:29:57 AM","04","110","","","1"
"3DD.003D2F9451","Steelhead","Unknown","Observation","Combined Dam Location","PRO","12/6/2020 10:43:10 AM","04","110","","","1"
"3DD.003D2F9451","Steelhead","Unknown","Observation","Combined Dam Location","PRO","12/6/2020 11:21:11 AM","04","110","","","1"
"3DD.003D2F9451","Steelhead","Unknown","Observation","Combined Dam Location","PRO","12/11/2020 11:13:14 AM","02","110","","","1"
"3DD.003D2F9451","Steelhead","Unknown","Observation","Combined Dam Location","PRO","12/11/2020 11:37:41 AM","02","110","","","1"
"3DD.003D2F9451","Steelhead","Unknown","Observation","Combined Dam Location","PRO","12/11/2020 11:56:39 AM","02","110","","","1"
"3DD.003D2F9451","Steelhead","Unknown","Observation","Combined Dam Location","PRO","12/11/2020 12:08:37 PM","02","110","","","1"
"3DD.003D2F9451","Steelhead","Unknown","Observation","Combined Dam Location","PRO","12/11/2020 1:07:16 PM","02","110","","","1"
"3DD.003D2F9451","Steelhead","Unknown","Observation","Combined Dam Location","PRO","12/11/2020 1:07:17 PM","02","110","","","1"
"3DD.003D2F9451","Steelhead","Unknown","Observation","Combined Dam Location","PRO","12/11/2020 1:56:34 PM","02","110","","","1"
"3DD.003D2F9451","Steelhead","Unknown","Observation","Combined Dam Location","PRO","12/11/2020 2:04:43 PM","02","110","","","1"
"3DD.003D2F9451","Steelhead","Unknown","Observation","Combined Dam Location","PRO","12/11/2020 2:13:33 PM","02","110","","","1"
"3DD.003D2F9451","Steelhead","Unknown","Observation","Combined Dam Location","PRO","12/11/2020 2:13:34 PM","02","110","","","1"
"3DD.003D2F9451","Steelhead","Unknown","Observation","Combined Dam Location","PRO","12/11/2020 2:18:46 PM","02","110","","","1"
"3DD.003D2F9451","Steelhead","Unknown","Observation","Combined Dam Location","PRO","12/11/2020 2:18:47 PM","02","110","","","1"
"3DD.003D2F9451","Steelhead","Unknown","Observation","Combined Dam Location","PRO","12/11/2020 2:18:48 PM","02","110","","","1"
"3DD.003D2F9451","Steelhead","Unknown","Observation","Combined Dam Location","PRO","12/11/2020 2:26:43 PM","02","110","","","1"
"3DD.003D2F9451","Steelhead","Unknown","Observation","Combined Dam Location","PRO","12/11/2020 2:26:44 PM","02","110","","","1"
"3DD.003D2F9451","Steelhead","Unknown","Observation","Combined Dam Location","PRO","12/11/2020 2:32:32 PM","02","110","","","1"
"3DD.003D2F9451","Steelhead","Unknown","Observation","Combined Dam Location","PRO","12/11/2020 2:32:33 PM","02","110","","","1"
"3DD.003D2F9451","Steelhead","Unknown","Observation","Combined Dam Location","PRO","12/11/2020 2:45:19 PM","02","110","","","1"
"3DD.003D2F9451","Steelhead","Unknown","Observation","Combined Dam Location","PRO","12/11/2020 2:49:01 PM","02","110","","","1"
"3DD.003D2F9451","Steelhead","Unknown","Observation","Combined Dam Location","PRO","12/11/2020 2:49:02 PM","02","110","","","1"
"3DD.003D2F9451","Steelhead","Unknown","Observation","Combined Dam Location","PRO","12/11/2020 2:56:56 PM","02","110","","","1"
"3DD.003D2F9451","Steelhead","Unknown","Observation","Combined Dam Location","PRO","12/11/2020 2:56:57 PM","02","110","","","1"
"3DD.003D2F9451","Steelhead","Unknown","Observation","Combined Dam Location","PRO","12/11/2020 3:07:34 PM","02","110","","","1"
"3DD.003D2F9451","Steelhead","Unknown","Observation","Combined Dam Location","PRO","12/11/2020 3:07:35 PM","02","110","","","1"
"3DD.003D2F9451","Steelhead","Unknown","Observation","Combined Dam Location","PRO","12/11/2020 3:14:05 PM","02","110","","","1"
"3DD.003D2F9451","Steelhead","Unknown","Observation","Combined Dam Location","PRO","12/11/2020 3:24:13 PM","02","110","","","1"
"3DD.003D2F9451","Steelhead","Unknown","Observation","Combined Dam Location","PRO","12/11/2020 3:24:14 PM","02","110","","","1"
"3DD.003D2F9451","Steelhead","Unknown","Observation","Combined Dam Location","PRO","12/11/2020 3:24:15 PM","02","110","","","1"
"3DD.003D2F9451","Steelhead","Unknown","Observation","Combined Dam Location","PRO","12/11/2020 3:40:23 PM","02","110","","","1"
"3DD.003D2F9451","Steelhead","Unknown","Observation","Combined Dam Location","PRO","12/11/2020 3:40:24 PM","02","110","","","1"
"3DD.003D2F9451","Steelhead","Unknown","Observation","Combined Dam Location","PRO","12/11/2020 4:37:00 PM","02","110","","","1"
"3DD.003D2F9451","Steelhead","Unknown","Observation","Combined Dam Location","PRO","12/11/2020 4:56:56 PM","02","110","","","1"
"3DD.003D2F9451","Steelhead","Unknown","Observation","Combined Dam Location","PRO","12/11/2020 4:56:57 PM","02","110","","","1"
"3DD.003D2F9451","Steelhead","Unknown","Observation","Combined Dam Location","PRO","12/11/2020 5:14:24 PM","02","110","","","1"
"3DD.003D2F9451","Steelhead","Unknown","Observation","Combined Dam Location","PRO","12/11/2020 5:14:25 PM","02","110","","","1"
"3DD.003D2F9451","Steelhead","Unknown","Observation","Combined Dam Location","PRO","12/11/2020 5:28:44 PM","02","110","","","1"
"3DD.003D2F9451","Steelhead","Unknown","Observation","Combined Dam Location","PRO","12/11/2020 5:28:45 PM","02","110","","","1"
"3DD.003D2F9451","Steelhead","Unknown","Observation","Combined Dam Location","PRO","12/11/2020 5:28:51 PM","02","110","","","1"
"3DD.003D2F9451","Steelhead","Unknown","Observation","Combined Dam Location","PRO","12/11/2020 5:28:52 PM","02","110","","","1"
"3DD.003D2F9451","Steelhead","Unknown","Observation","Combined Dam Location","PRO","12/11/2020 5:59:04 PM","02","110","","","1"
"3DD.003D2F9451","Steelhead","Unknown","Observation","Combined Dam Location","PRO","12/11/2020 5:59:05 PM","02","110","","","1"
"3DD.003D2F9451","Steelhead","Unknown","Observation","Combined Dam Location","PRO","12/11/2020 7:14:48 PM","02","110","","","1"
"3DD.003D2F9451","Steelhead","Unknown","Observation","Combined Dam Location","PRO","12/11/2020 7:14:49 PM","02","110","","","1"
"3DD.003D2F9451","Steelhead","Unknown","Observation","Combined Dam Location","PRO","12/11/2020 7:45:33 PM","02","110","","","1"
"3DD.003D2F9451","Steelhead","Unknown","Observation","Combined Dam Location","PRO","12/11/2020 8:04:12 PM","02","110","","","1"
"3DD.003D2F9451","Steelhead","Unknown","Observation","Combined Dam Location","PRO","12/11/2020 8:04:13 PM","02","110","","","1"
"3DD.003D2F9451","Steelhead","Unknown","Observation","Combined Dam Location","PRO","12/12/2020 9:46:23 AM","02","110","","","1"
"3DD.003D2F9451","Steelhead","Unknown","Observation","Combined Dam Location","PRO","12/12/2020 9:46:24 AM","02","110","","","1"
"3DD.003D2F9451","Steelhead","Unknown","Observation","Combined Dam Location","PRO","12/12/2020 10:32:32 AM","02","110","","","1"
"3DD.003D2F9451","Steelhead","Unknown","Observation","Combined Dam Location","PRO","12/12/2020 11:36:11 AM","02","110","","","1"
"3DD.003D2F9451","Steelhead","Unknown","Observation","Combined Dam Location","PRO","12/12/2020 12:22:58 PM","02","110","","","1"
"3DD.003D2F9451","Steelhead","Unknown","Observation","Combined Dam Location","PRO","12/12/2020 12:22:59 PM","02","110","","","1"
"3DD.003D2F9451","Steelhead","Unknown","Observation","Combined Dam Location","PRO","12/12/2020 12:40:07 PM","02","110","","","1"
"3DD.003D2F9451","Steelhead","Unknown","Observation","Combined Dam Location","PRO","12/22/2020 11:54:25 AM","02","110","","","1"
"3DD.003D2F9451","Steelhead","Unknown","Observation","Combined Dam Location","PRO","12/22/2020 11:54:26 AM","02","110","","","1"
"3DD.003D2F9451","Steelhead","Unknown","Observation","Combined Dam Location","PRO","12/22/2020 12:00:17 PM","02","110","","","1"
"3DD.003D2F9451","Steelhead","Unknown","Observation","Combined Dam Location","PRO","12/22/2020 12:00:18 PM","02","110","","","1"
"3DD.003D2F9451","Steelhead","Unknown","Observation","Combined Dam Location","PRO","12/22/2020 12:07:42 PM","02","110","","","1"
"3DD.003D2F9451","Steelhead","Unknown","Observation","Combined Dam Location","PRO","12/22/2020 12:07:43 PM","02","110","","","1"
"3DD.003D2F9451","Steelhead","Unknown","Observation","Combined Dam Location","PRO","12/22/2020 12:19:31 PM","02","110","","","1"
"3DD.003D2F9451","Steelhead","Unknown","Observation","Combined Dam Location","PRO","12/22/2020 12:19:32 PM","02","110","","","1"
"3DD.003D2F9451","Steelhead","Unknown","Observation","Combined Dam Location","PRO","12/22/2020 12:19:33 PM","02","110","","","1"
"3DD.003D2F9451","Steelhead","Unknown","Observation","Combined Dam Location","PRO","12/22/2020 12:19:34 PM","02","110","","","1"
"3DD.003D2F9451","Steelhead","Unknown","Observation","Combined Dam Location","PRO","12/22/2020 12:28:37 PM","02","110","","","1"
"3DD.003D2F9451","Steelhead","Unknown","Observation","Combined Dam Location","PRO","12/22/2020 12:32:54 PM","02","110","","","1"
"3DD.003D2F9451","Steelhead","Unknown","Observation","Combined Dam Location","PRO","12/22/2020 12:32:55 PM","02","110","","","1"
"3DD.003D2F9451","Steelhead","Unknown","Observation","Combined Dam Location","PRO","12/22/2020 12:32:56 PM","02","110","","","1"
"3DD.003D2F9451","Steelhead","Unknown","Observation","Combined Dam Location","PRO","12/22/2020 12:40:30 PM","02","110","","","1"
"3DD.003D2F9451","Steelhead","Unknown","Observation","Combined Dam Location","PRO","12/22/2020 12:51:32 PM","02","110","","","1"
"3DD.003D2F9451","Steelhead","Unknown","Observation","Combined Dam Location","PRO","12/22/2020 1:03:59 PM","02","110","","","1"
"3DD.003D2F9451","Steelhead","Unknown","Observation","Combined Dam Location","PRO","12/22/2020 1:04:00 PM","01","110","","","1"
"3DD.003D2F9451","Steelhead","Unknown","Recapture","Dam","PRO","12/21/2020 9:04:23 AM","NA","0","PROTAL","12/21/2020 9:04:23 AM","1"
"3DD.003D2F9452","Steelhead","Unknown","Mark","Dam","PRO","2/3/2021 10:09:02 AM","NA","0","PROTAL","2/3/2021 10:09:02 AM","1"
"3DD.003D2F9452","Steelhead","Unknown","Observation","Instream Remote Detection System","SAT","3/5/2021 5:22:36 AM","04","110","","","1"
"3DD.003D2F9452","Steelhead","Unknown","Observation","Instream Remote Detection System","SAT","3/5/2021 5:23:08 AM","01","110","","","1"
"3DD.003D2F9452","Steelhead","Unknown","Observation","Instream Remote Detection System","SAT","3/9/2021 12:01:13 AM","01","110","","","1"
"3DD.003D2F9452","Steelhead","Unknown","Observation","Instream Remote Detection System","SAT","3/9/2021 12:01:33 AM","04","110","","","1"
"3DD.003D2F9452","Steelhead","Unknown","Observation","Instream Remote Detection System","SAT","4/14/2021 2:10:52 AM","05","110","","","1"
"3DD.003D2F9452","Steelhead","Unknown","Observation","Instream Remote Detection System","SAT","4/14/2021 2:11:01 AM","03","110","","","1"
"3DD.003D2F9454","Steelhead","Unknown","Mark","Dam","PRO","2/22/2021 2:03:13 PM","NA","0","PROTAL","2/22/2021 2:03:13 PM","1"
"3DD.003D2F9454","Steelhead","Unknown","Observation","Instream Remote Detection System","SAT","4/5/2021 8:41:35 PM","05","110","","","1"
"3DD.003D2F9454","Steelhead","Unknown","Observation","Instream Remote Detection System","SAT","4/5/2021 8:41:46 PM","03","110","","","1"
"3DD.003D2F9456","Steelhead","Unknown","Mark","Dam","PRO","1/18/2021 2:47:41 PM","NA","0","PROTAL","1/18/2021 2:47:41 PM","1"
"3DD.003D2F9456","Steelhead","Unknown","Observation","Combined Dam Location","PRO","1/18/2021 4:01:59 PM","05","110","","","1"
"3DD.003D2F9456","Steelhead","Unknown","Observation","Combined Dam Location","PRO","1/18/2021 4:02:00 PM","05","110","","","1"
"3DD.003D2F9456","Steelhead","Unknown","Observation","Combined Dam Location","PRO","1/18/2021 4:02:06 PM","05","110","","","1"
"3DD.003D2F9456","Steelhead","Unknown","Observation","Combined Dam Location","PRO","1/18/2021 4:02:07 PM","05","110","","","1"
"3DD.003D2F9456","Steelhead","Unknown","Observation","Combined Dam Location","PRO","1/18/2021 4:02:08 PM","05","110","","","1"
"3DD.003D2F9456","Steelhead","Unknown","Observation","Combined Dam Location","PRO","1/18/2021 4:02:11 PM","05","110","","","1"
"3DD.003D2F9456","Steelhead","Unknown","Observation","Combined Dam Location","PRO","1/18/2021 4:02:12 PM","05","110","","","1"
"3DD.003D2F9456","Steelhead","Unknown","Observation","Combined Dam Location","PRO","1/18/2021 4:02:13 PM","06","110","","","1"
"3DD.003D2F9456","Steelhead","Unknown","Observation","Combined Dam Location","PRO","3/3/2021 10:04:08 PM","02","110","","","1"
"3DD.003D2F9456","Steelhead","Unknown","Observation","Combined Dam Location","PRO","3/3/2021 10:04:09 PM","02","110","","","1"
"3DD.003D2F9456","Steelhead","Unknown","Observation","Combined Dam Location","PRO","3/3/2021 10:04:10 PM","02","110","","","1"
"3DD.003D2F9456","Steelhead","Unknown","Observation","Combined Dam Location","PRO","3/3/2021 10:10:54 PM","02","110","","","1"
"3DD.003D2F9456","Steelhead","Unknown","Observation","Combined Dam Location","PRO","3/3/2021 10:10:55 PM","02","110","","","1"
"3DD.003D2F9456","Steelhead","Unknown","Observation","Combined Dam Location","PRO","3/3/2021 10:11:07 PM","02","110","","","1"
"3DD.003D2F9456","Steelhead","Unknown","Observation","Combined Dam Location","PRO","3/3/2021 10:11:08 PM","02","110","","","1"
"3DD.003D2F9456","Steelhead","Unknown","Observation","Combined Dam Location","PRO","3/3/2021 10:11:12 PM","01","110","","","1"
"3DD.003D2F9456","Steelhead","Unknown","Observation","Combined Dam Location","PRO","3/3/2021 10:11:13 PM","01","110","","","1"
"3DD.003D2F9456","Steelhead","Unknown","Observation","Combined Dam Location","PRO","3/3/2021 10:11:14 PM","01","110","","","1"
"3DD.003D2F9456","Steelhead","Unknown","Observation","Combined Dam Location","PRO","3/3/2021 10:18:11 PM","01","110","","","1"
"3DD.003D2F9456","Steelhead","Unknown","Observation","Combined Dam Location","PRO","3/3/2021 10:18:12 PM","01","110","","","1"
"3DD.003D2F9457","Steelhead","Unknown","Mark","Dam","PRO","1/9/2021 2:27:35 PM","NA","0","PROTAL","1/9/2021 2:27:35 PM","1"
"3DD.003D2F9457","Steelhead","Unknown","Observation","Instream Remote Detection System","SAT","2/3/2021 1:59:16 AM","05","110","","","1"
"3DD.003D2F9457","Steelhead","Unknown","Observation","Instream Remote Detection System","SAT","2/3/2021 1:59:22 AM","03","110","","","1"
"3DD.003D2F9457","Steelhead","Unknown","Observation","Instream Remote Detection System","SAT","2/10/2021 3:04:52 AM","04","110","","","1"
"3DD.003D2F9457","Steelhead","Unknown","Observation","Instream Remote Detection System","SAT","3/2/2021 3:54:51 AM","05","110","","","1"
"3DD.003D2F9457","Steelhead","Unknown","Observation","Instream Remote Detection System","SAT","3/2/2021 3:55:04 AM","03","110","","","1"
"3DD.003D2F9457","Steelhead","Unknown","Observation","Instream Remote Detection System","SAT","3/2/2021 5:58:26 AM","01","110","","","1"
"3DD.003D2F9457","Steelhead","Unknown","Observation","Instream Remote Detection System","SAT","3/2/2021 5:58:31 AM","04","110","","","1"
"3DD.003D2F9457","Steelhead","Unknown","Observation","Instream Remote Detection System","SAT","3/6/2021 10:35:56 PM","04","110","","","1"
"3DD.003D2F9457","Steelhead","Unknown","Observation","Instream Remote Detection System","SAT","3/6/2021 10:36:23 PM","01","110","","","1"
"3DD.003D2F9458","Steelhead","Unknown","Mark","Dam","PRO","4/6/2021 8:43:13 AM","NA","0","PROTAL","4/6/2021 8:43:13 AM","1"
"3DD.003D2F9459","Steelhead","Unknown","Mark","Dam","PRO","2/1/2021 9:35:38 AM","NA","0","PROTAL","2/1/2021 9:35:38 AM","1"
"3DD.003D2F9459","Steelhead","Unknown","Observation","Instream Remote Detection System","SAT","3/6/2021 11:23:57 PM","04","110","","","1"
"3DD.003D2F9459","Steelhead","Unknown","Observation","Instream Remote Detection System","SAT","3/6/2021 11:24:22 PM","01","110","","","1"
"3DD.003D2F9459","Steelhead","Unknown","Observation","Instream Remote Detection System","SAT","3/10/2021 11:59:14 PM","03","110","","","1"
"3DD.003D2F9459","Steelhead","Unknown","Observation","Instream Remote Detection System","SAT","3/10/2021 11:59:20 PM","05","110","","","1"
"3DD.003D2F9459","Steelhead","Unknown","Observation","Instream Remote Detection System","SAT","3/16/2021 10:51:22 PM","05","110","","","1"
"3DD.003D2F9459","Steelhead","Unknown","Observation","Instream Remote Detection System","SAT","3/16/2021 10:51:33 PM","03","110","","","1"
"3DD.003D2F9459","Steelhead","Unknown","Observation","Instream Remote Detection System","SAT","4/9/2021 8:23:20 PM","03","110","","","1"
"3DD.003D2F9459","Steelhead","Unknown","Observation","Instream Remote Detection System","SAT","4/9/2021 8:23:28 PM","05","110","","","1"
"3DD.003D2F9459","Steelhead","Unknown","Observation","Combined Dam Location","PRO","10/30/2021 4:52:37 PM","02","110","","","1"
"3DD.003D2F9459","Steelhead","Unknown","Observation","Combined Dam Location","PRO","10/30/2021 4:52:41 PM","01","110","","","1"
"3DD.003D2F9459","Steelhead","Unknown","Observation","Combined Dam Location","PRO","10/30/2021 4:52:42 PM","01","110","","","1"
"3DD.003D2F9459","Steelhead","Unknown","Recapture","Dam","PRO","4/19/2021 11:00:00 AM","NA","0","PROTAL","4/19/2021 11:00:00 AM","1"
"3DD.003D2F9459","Steelhead","Unknown","Recapture","Dam","PRO","10/28/2021 11:00:00 AM","NA","0","PROTAL","10/28/2021 11:00:00 AM","1"
"3DD.003D2F945A","Unknown","Unknown","Orphan","","ORPHAN","1/1/1900 12:00:00 AM","NA","0","ORPHAN","1/1/1900 12:00:00 PM","1"
"3DD.003D2F945A","Unknown","Unknown","Recapture","Dam","PRO","4/19/2021 1:46:37 PM","NA","0","PROTAL","4/19/2021 1:46:37 PM","1"
"3DD.003D2F945B","Steelhead","Unknown","Mark","Dam","PRO","1/18/2021 2:25:39 PM","NA","0","PROTAL","1/18/2021 2:25:39 PM","1"
"3DD.003D2F945B","Steelhead","Unknown","Observation","Instream Remote Detection System","TOP","2/28/2021 3:06:48 AM","24","100","","","1"
"3DD.003D2F945B","Steelhead","Unknown","Observation","Instream Remote Detection System","TP2","4/3/2021 9:05:07 AM","03","100","","","1"
"3DD.003D2F945B","Steelhead","Unknown","Observation","Instream Remote Detection System","TP2","4/3/2021 9:05:12 AM","01","100","","","1"
"3DD.003D2F945B","Steelhead","Unknown","Observation","Combined Dam Location","PRO","1/18/2021 2:31:22 PM","05","110","","","1"
"3DD.003D2F945B","Steelhead","Unknown","Observation","Combined Dam Location","PRO","1/18/2021 2:31:23 PM","05","110","","","1"
"3DD.003D2F945B","Steelhead","Unknown","Observation","Combined Dam Location","PRO","1/18/2021 11:44:19 PM","06","110","","","1"
"3DD.003D2F945B","Steelhead","Unknown","Observation","Combined Dam Location","PRO","1/20/2021 4:58:03 PM","06","110","","","1"
"3DD.003D2F945B","Steelhead","Unknown","Observation","Combined Dam Location","PRO","1/20/2021 4:58:04 PM","06","110","","","1"
"3DD.003D2F945B","Steelhead","Unknown","Observation","Combined Dam Location","PRO","2/2/2021 8:35:33 AM","02","110","","","1"
"3DD.003D2F945B","Steelhead","Unknown","Observation","Combined Dam Location","PRO","2/2/2021 8:35:34 AM","02","110","","","1"
"3DD.003D2F945B","Steelhead","Unknown","Observation","Combined Dam Location","PRO","2/2/2021 8:35:35 AM","02","110","","","1"
"3DD.003D2F945B","Steelhead","Unknown","Observation","Combined Dam Location","PRO","2/2/2021 8:53:19 AM","02","110","","","1"
"3DD.003D2F945B","Steelhead","Unknown","Observation","Combined Dam Location","PRO","2/2/2021 8:53:20 AM","02","110","","","1"
"3DD.003D2F945B","Steelhead","Unknown","Observation","Combined Dam Location","PRO","2/2/2021 8:53:21 AM","01","110","","","1"
"3DD.003D2F945B","Steelhead","Unknown","Observation","Combined Dam Location","PRO","2/2/2021 8:53:22 AM","01","110","","","1"
"3DD.003D2F945C","Steelhead","Unknown","Mark","Dam","PRO","1/19/2021 8:25:22 AM","NA","0","PROTAL","1/19/2021 8:25:22 AM","1"
"3DD.003D2F945C","Steelhead","Unknown","Observation","Instream Remote Detection System","SAT","4/5/2021 8:01:45 PM","05","110","","","1"
"3DD.003D2F945C","Steelhead","Unknown","Observation","Instream Remote Detection System","SAT","4/5/2021 8:01:54 PM","03","110","","","1"
"3DD.003D2F945C","Steelhead","Unknown","Observation","Combined Dam Location","PRO","1/19/2021 8:41:44 AM","05","110","","","1"
"3DD.003D2F945C","Steelhead","Unknown","Observation","Combined Dam Location","PRO","1/19/2021 8:41:45 AM","05","110","","","1"
"3DD.003D2F945C","Steelhead","Unknown","Observation","Combined Dam Location","PRO","1/19/2021 12:37:08 PM","05","110","","","1"
"3DD.003D2F945C","Steelhead","Unknown","Observation","Combined Dam Location","PRO","1/19/2021 12:37:09 PM","05","110","","","1"
"3DD.003D2F945F","Steelhead","Unknown","Mark","Dam","PRO","3/22/2021 1:21:30 PM","NA","0","PROTAL","3/22/2021 1:21:30 PM","1"
"3DD.003D2F945F","Steelhead","Unknown","Observation","Instream Remote Detection System","SUN","4/1/2021 10:18:27 PM","07","110","","","1"
"3DD.003D2F945F","Steelhead","Unknown","Observation","Instream Remote Detection System","SUN","4/3/2021 4:20:43 PM","06","110","","","1"
"3DD.003D2F945F","Steelhead","Unknown","Observation","Combined Dam Location","PRO","3/22/2021 1:54:55 PM","05","110","","","1"
"3DD.003D2F945F","Steelhead","Unknown","Observation","Combined Dam Location","PRO","3/22/2021 1:55:15 PM","06","110","","","1"
"3DD.003D2F945F","Steelhead","Unknown","Observation","Combined Dam Location","PRO","3/22/2021 1:55:16 PM","06","110","","","1"
"3DD.003D2F945F","Steelhead","Unknown","Observation","Combined Dam Location","PRO","3/22/2021 2:29:25 PM","06","110","","","1"
"3DD.003D2F945F","Steelhead","Unknown","Observation","Combined Dam Location","PRO","3/22/2021 2:29:28 PM","05","110","","","1"
"3DD.003D2F945F","Steelhead","Unknown","Observation","Combined Dam Location","PRO","3/22/2021 2:29:29 PM","05","110","","","1"
"3DD.003D2F97B9","Steelhead","Unknown","Mark","Dam","PRO","10/22/2019 4:20:32 PM","NA","0","PROTAL","10/22/2019 4:20:32 PM","1"
"3DD.003D2F97B9","Steelhead","Unknown","Observation","Juvenile Fish Bypass Facility","SSJ","4/29/2021 4:43:43 AM","05","110","","","1"
"3DD.003D2F97B9","Steelhead","Unknown","Observation","Instream Remote Detection System","SUN","3/7/2021 3:12:30 PM","04","110","","","1"
"3DD.003D2F97B9","Steelhead","Unknown","Observation","Instream Remote Detection System","SUN","3/7/2021 6:11:34 PM","10","110","","","1"
"3DD.003D2F97B9","Steelhead","Unknown","Observation","Combined Dam Location","PRO","10/22/2019 7:30:45 PM","05","110","","","1"
"3DD.003D2F97B9","Steelhead","Unknown","Observation","Combined Dam Location","PRO","10/22/2019 8:45:03 PM","05","110","","","1"
"3DD.003D2F97B9","Steelhead","Unknown","Observation","Combined Dam Location","PRO","10/22/2019 8:45:04 PM","05","110","","","1"
"3DD.003D2F97B9","Steelhead","Unknown","Observation","Combined Dam Location","PRO","10/22/2019 8:45:05 PM","05","110","","","1"
"3DD.003D2F97B9","Steelhead","Unknown","Observation","Combined Dam Location","PRO","10/22/2019 8:45:07 PM","05","110","","","1"
"3DD.003D2F97B9","Steelhead","Unknown","Observation","Combined Dam Location","PRO","10/22/2019 8:45:16 PM","05","110","","","1"
"3DD.003D2F97B9","Steelhead","Unknown","Observation","Combined Dam Location","PRO","10/22/2019 8:45:17 PM","05","110","","","1"
"3DD.003D2F97B9","Steelhead","Unknown","Observation","Combined Dam Location","PRO","10/22/2019 8:45:18 PM","05","110","","","1"
"3DD.003D2F97B9","Steelhead","Unknown","Recapture","Dam","PRO","5/4/2020 11:00:00 AM","NA","0","PROTAL","5/4/2020 11:00:00 AM","1"
"3DD.003D2F97B9","Steelhead","Unknown","Recapture","Dam","PRO","10/20/2020 11:00:00 AM","NA","0","PROTAL","10/20/2020 11:00:00 AM","1"
"3DD.003D2F97B9","Steelhead","Unknown","Recapture","Dam","PRO","10/21/2020 5:30:04 PM","NA","0","PROTAL","10/21/2020 5:30:04 PM","1"
"3DD.00778BDB05","Steelhead","Wild Fish or Natural Production","Mark","Dam","PRO","10/20/2020 11:00:00 AM","NA","0","PROTAL","10/20/2020 11:00:00 AM","1"
"3DD.00778BDB05","Steelhead","Wild Fish or Natural Production","Observation","Combined Dam Location","PRO","3/21/2021 6:59:19 PM","02","110","","","1"
"3DD.00778BDB05","Steelhead","Wild Fish or Natural Production","Observation","Combined Dam Location","PRO","3/21/2021 6:59:20 PM","02","110","","","1"
"3DD.00778BDB05","Steelhead","Wild Fish or Natural Production","Observation","Combined Dam Location","PRO","3/21/2021 6:59:22 PM","01","110","","","1"
"3DD.00778BDB05","Steelhead","Wild Fish or Natural Production","Recapture","Dam","PRO","2/22/2021 2:35:22 PM","NA","0","PROTAL","2/22/2021 2:35:22 PM","1"
